iter	MultiClassOneVsAll	MultiClassOneVsAll
0	-0.6804748867	-0.6804748867
1	-0.6690197373	-0.6690197373
2	-0.6581266679	-0.6581266679
3	-0.6475560065	-0.6475560065
4	-0.6377591469	-0.6377591469
5	-0.6282790687	-0.6282790687
6	-0.6193534033	-0.6193534033
7	-0.6111057134	-0.6111057134
8	-0.6032540929	-0.6032540929
9	-0.5954152621	-0.5954152621
10	-0.5878199365	-0.5878199365
11	-0.5816102832	-0.5816102832
12	-0.5747693779	-0.5747693779
13	-0.5684533515	-0.5684533515
14	-0.5622635999	-0.5622635999
15	-0.556204635	-0.556204635
16	-0.5506317792	-0.5506317792
17	-0.5452201804	-0.5452201804
18	-0.539916978	-0.539916978
19	-0.5352553309	-0.5352553309
20	-0.5308165038	-0.5308165038
21	-0.5270019775	-0.5270019775
22	-0.5227458988	-0.5227458988
23	-0.5188263211	-0.5188263211
24	-0.5151147708	-0.5151147708
25	-0.5113636021	-0.5113636021
26	-0.507591723	-0.507591723
27	-0.5045280751	-0.5045280751
28	-0.5012726044	-0.5012726044
29	-0.4981687511	-0.4981687511
30	-0.4953208785	-0.4953208785
31	-0.4923482812	-0.4923482812
32	-0.489342631	-0.489342631
33	-0.4870427724	-0.4870427724
34	-0.4851114041	-0.4851114041
35	-0.4825654683	-0.4825654683
36	-0.4801502951	-0.4801502951
37	-0.4778930562	-0.4778930562
38	-0.4756603658	-0.4756603658
39	-0.4733885511	-0.4733885511
40	-0.4715302326	-0.4715302326
41	-0.4694905548	-0.4694905548
42	-0.4674889289	-0.4674889289
43	-0.4657391894	-0.4657391894
44	-0.4643765836	-0.4643765836
45	-0.4627397804	-0.4627397804
46	-0.4612392109	-0.4612392109
47	-0.4598086276	-0.4598086276
48	-0.4583280589	-0.4583280589
49	-0.4571352705	-0.4571352705
50	-0.4558502901	-0.4558502901
51	-0.4543382446	-0.4543382446
52	-0.453168098	-0.453168098
53	-0.4519496652	-0.4519496652
54	-0.4508245488	-0.4508245488
55	-0.4497235724	-0.4497235724
56	-0.4486737224	-0.4486737224
57	-0.447659915	-0.447659915
58	-0.4465642429	-0.4465642429
59	-0.4454844649	-0.4454844649
60	-0.4443708803	-0.4443708803
61	-0.4434306424	-0.4434306424
62	-0.4424661474	-0.4424661474
63	-0.441760134	-0.441760134
64	-0.4410556795	-0.4410556795
65	-0.4403848621	-0.4403848621
66	-0.4396241765	-0.4396241765
67	-0.4391077792	-0.4391077792
68	-0.4384621799	-0.4384621799
69	-0.4378928378	-0.4378928378
70	-0.437226901	-0.437226901
71	-0.4365993798	-0.4365993798
72	-0.4360030865	-0.4360030865
73	-0.435441935	-0.435441935
74	-0.4349702335	-0.4349702335
75	-0.4344798074	-0.4344798074
76	-0.4342490728	-0.4342490728
77	-0.4336129319	-0.4336129319
78	-0.4331412213	-0.4331412213
79	-0.4324694412	-0.4324694412
80	-0.4317968075	-0.4317968075
81	-0.4313706624	-0.4313706624
82	-0.4307618926	-0.4307618926
83	-0.4303537957	-0.4303537957
84	-0.4300546108	-0.4300546108
85	-0.4294925209	-0.4294925209
86	-0.4289102051	-0.4289102051
87	-0.4286148246	-0.4286148246
88	-0.428082181	-0.428082181
89	-0.4276256068	-0.4276256068
90	-0.427031522	-0.427031522
91	-0.4266519559	-0.4266519559
92	-0.4261591671	-0.4261591671
93	-0.4256486782	-0.4256486782
94	-0.4252566155	-0.4252566155
95	-0.4248285639	-0.4248285639
96	-0.4244553939	-0.4244553939
97	-0.4240951352	-0.4240951352
98	-0.4237281275	-0.4237281275
99	-0.4233187557	-0.4233187557
100	-0.4229447902	-0.4229447902
101	-0.422543585	-0.422543585
102	-0.4221398394	-0.4221398394
103	-0.4216641598	-0.4216641598
104	-0.4213504589	-0.4213504589
105	-0.4209930696	-0.4209930696
106	-0.4206021073	-0.4206021073
107	-0.4204475207	-0.4204475207
108	-0.4201751374	-0.4201751374
109	-0.4197919387	-0.4197919387
110	-0.4194894662	-0.4194894662
111	-0.4192609632	-0.4192609632
112	-0.4191434386	-0.4191434386
113	-0.4188465011	-0.4188465011
114	-0.4184949307	-0.4184949307
115	-0.4181729691	-0.4181729691
116	-0.4178418868	-0.4178418868
117	-0.4175945159	-0.4175945159
118	-0.4173599318	-0.4173599318
119	-0.4169459737	-0.4169459737
120	-0.4165897722	-0.4165897722
121	-0.4163507662	-0.4163507662
122	-0.416269064	-0.416269064
123	-0.415943742	-0.415943742
124	-0.4156825235	-0.4156825235
125	-0.4154777212	-0.4154777212
126	-0.4153330556	-0.4153330556
127	-0.4149945468	-0.4149945468
128	-0.4147828141	-0.4147828141
129	-0.4145051655	-0.4145051655
130	-0.4141906437	-0.4141906437
131	-0.4138621697	-0.4138621697
132	-0.4135037534	-0.4135037534
133	-0.413320348	-0.413320348
134	-0.413045293	-0.413045293
135	-0.4128168119	-0.4128168119
136	-0.4125599506	-0.4125599506
137	-0.4123509988	-0.4123509988
138	-0.4121616756	-0.4121616756
139	-0.411983527	-0.411983527
140	-0.4117500646	-0.4117500646
141	-0.41148065	-0.41148065
142	-0.411299445	-0.411299445
143	-0.4111212294	-0.4111212294
144	-0.4110390363	-0.4110390363
145	-0.410885012	-0.410885012
146	-0.4107195962	-0.4107195962
147	-0.4106402199	-0.4106402199
148	-0.4105117345	-0.4105117345
149	-0.4103897347	-0.4103897347
150	-0.4102438333	-0.4102438333
151	-0.4100799407	-0.4100799407
152	-0.4099195447	-0.4099195447
153	-0.4096713884	-0.4096713884
154	-0.4094266253	-0.4094266253
155	-0.4091612506	-0.4091612506
156	-0.4089856422	-0.4089856422
157	-0.4088595389	-0.4088595389
158	-0.4087538469	-0.4087538469
159	-0.4086338745	-0.4086338745
160	-0.4085357583	-0.4085357583
161	-0.40838554	-0.40838554
162	-0.4082311362	-0.4082311362
163	-0.4079706491	-0.4079706491
164	-0.4079096507	-0.4079096507
165	-0.4078840737	-0.4078840737
166	-0.407706026	-0.407706026
167	-0.4076160977	-0.4076160977
168	-0.4075303951	-0.4075303951
169	-0.407357156	-0.407357156
170	-0.4072319876	-0.4072319876
171	-0.4070713306	-0.4070713306
172	-0.4069880583	-0.4069880583
173	-0.4067503405	-0.4067503405
174	-0.406725519	-0.406725519
175	-0.4064844803	-0.4064844803
176	-0.4062836492	-0.4062836492
177	-0.4060383022	-0.4060383022
178	-0.4058907789	-0.4058907789
179	-0.4057282871	-0.4057282871
180	-0.4056540299	-0.4056540299
181	-0.4054900318	-0.4054900318
182	-0.4053010889	-0.4053010889
183	-0.4051466809	-0.4051466809
184	-0.4050259214	-0.4050259214
185	-0.4050072125	-0.4050072125
186	-0.4048250456	-0.4048250456
187	-0.4046294311	-0.4046294311
188	-0.4045204022	-0.4045204022
189	-0.4044412002	-0.4044412002
190	-0.4042572658	-0.4042572658
191	-0.4041736871	-0.4041736871
192	-0.4039820014	-0.4039820014
193	-0.4038376663	-0.4038376663
194	-0.4037286532	-0.4037286532
195	-0.4034659104	-0.4034659104
196	-0.4033615648	-0.4033615648
197	-0.4031336012	-0.4031336012
198	-0.4030870711	-0.4030870711
199	-0.4029114358	-0.4029114358
200	-0.4027289419	-0.4027289419
201	-0.4025722	-0.4025722
202	-0.4024709928	-0.4024709928
203	-0.4023871907	-0.4023871907
204	-0.4022298582	-0.4022298582
205	-0.4020998495	-0.4020998495
206	-0.4020248104	-0.4020248104
207	-0.4018946213	-0.4018946213
208	-0.4018720373	-0.4018720373
209	-0.4017611643	-0.4017611643
210	-0.4016738161	-0.4016738161
211	-0.4015794057	-0.4015794057
212	-0.4014872303	-0.4014872303
213	-0.4014176696	-0.4014176696
214	-0.4012775732	-0.4012775732
215	-0.4011660684	-0.4011660684
216	-0.4010889423	-0.4010889423
217	-0.4009759774	-0.4009759774
218	-0.4007658441	-0.4007658441
219	-0.4007035753	-0.4007035753
220	-0.4006667147	-0.4006667147
221	-0.4006274484	-0.4006274484
222	-0.4005399151	-0.4005399151
223	-0.4003270747	-0.4003270747
224	-0.4001570594	-0.4001570594
225	-0.4000653191	-0.4000653191
226	-0.3999656581	-0.3999656581
227	-0.399847217	-0.399847217
228	-0.3997630982	-0.3997630982
229	-0.3995817246	-0.3995817246
230	-0.3994681763	-0.3994681763
231	-0.3992879181	-0.3992879181
232	-0.3991573475	-0.3991573475
233	-0.399125105	-0.399125105
234	-0.3991115653	-0.3991115653
235	-0.3989907175	-0.3989907175
236	-0.3988300906	-0.3988300906
237	-0.3987294844	-0.3987294844
238	-0.3986017513	-0.3986017513
239	-0.3984724155	-0.3984724155
240	-0.3982810016	-0.3982810016
241	-0.3981780386	-0.3981780386
242	-0.3981205979	-0.3981205979
243	-0.3980615125	-0.3980615125
244	-0.3979401035	-0.3979401035
245	-0.3978639897	-0.3978639897
246	-0.3978606703	-0.3978606703
247	-0.3977758393	-0.3977758393
248	-0.3975726662	-0.3975726662
249	-0.3974230018	-0.3974230018
250	-0.3973357211	-0.3973357211
251	-0.3971758571	-0.3971758571
252	-0.3971100528	-0.3971100528
253	-0.3970155366	-0.3970155366
254	-0.396931005	-0.396931005
255	-0.3968251345	-0.3968251345
256	-0.3968156599	-0.3968156599
257	-0.3967690006	-0.3967690006
258	-0.3966323079	-0.3966323079
259	-0.3965651947	-0.3965651947
260	-0.3964753054	-0.3964753054
261	-0.3964332537	-0.3964332537
262	-0.3963756034	-0.3963756034
263	-0.3962915848	-0.3962915848
264	-0.3961257153	-0.3961257153
265	-0.3960714042	-0.3960714042
266	-0.3960166228	-0.3960166228
267	-0.3959098415	-0.3959098415
268	-0.3958194054	-0.3958194054
269	-0.39569436	-0.39569436
270	-0.3955957163	-0.3955957163
271	-0.3954988226	-0.3954988226
272	-0.3953670756	-0.3953670756
273	-0.3951667552	-0.3951667552
274	-0.3950653658	-0.3950653658
275	-0.3949727956	-0.3949727956
276	-0.394883579	-0.394883579
277	-0.3948111545	-0.3948111545
278	-0.3947198966	-0.3947198966
279	-0.394610927	-0.394610927
280	-0.3945276638	-0.3945276638
281	-0.394419713	-0.394419713
282	-0.3942912652	-0.3942912652
283	-0.3941669686	-0.3941669686
284	-0.3939680628	-0.3939680628
285	-0.3938738184	-0.3938738184
286	-0.3937744417	-0.3937744417
287	-0.3936478002	-0.3936478002
288	-0.3935454186	-0.3935454186
289	-0.3934519547	-0.3934519547
290	-0.3933843736	-0.3933843736
291	-0.3933113739	-0.3933113739
292	-0.3932195863	-0.3932195863
293	-0.3931426738	-0.3931426738
294	-0.3930288182	-0.3930288182
295	-0.39286559	-0.39286559
296	-0.3927352653	-0.3927352653
297	-0.3926503099	-0.3926503099
298	-0.3926070777	-0.3926070777
299	-0.3923905907	-0.3923905907
300	-0.3923477684	-0.3923477684
301	-0.3922357524	-0.3922357524
302	-0.3921626424	-0.3921626424
303	-0.3920846285	-0.3920846285
304	-0.3920644734	-0.3920644734
305	-0.3919022757	-0.3919022757
306	-0.3917503143	-0.3917503143
307	-0.3917102472	-0.3917102472
308	-0.3916552491	-0.3916552491
309	-0.3915604798	-0.3915604798
310	-0.3914530213	-0.3914530213
311	-0.3913829363	-0.3913829363
312	-0.391324012	-0.391324012
313	-0.3912246143	-0.3912246143
314	-0.3912039344	-0.3912039344
315	-0.3911015052	-0.3911015052
316	-0.3909048305	-0.3909048305
317	-0.3907890005	-0.3907890005
318	-0.3907145926	-0.3907145926
319	-0.39060651	-0.39060651
320	-0.3905400691	-0.3905400691
321	-0.3903503911	-0.3903503911
322	-0.3901407114	-0.3901407114
323	-0.3900438912	-0.3900438912
324	-0.3898780039	-0.3898780039
325	-0.3898050297	-0.3898050297
326	-0.3897101597	-0.3897101597
327	-0.389602799	-0.389602799
328	-0.3894232918	-0.3894232918
329	-0.3893204612	-0.3893204612
330	-0.3892032625	-0.3892032625
331	-0.3891434383	-0.3891434383
332	-0.3890481854	-0.3890481854
333	-0.3888891848	-0.3888891848
334	-0.3887434902	-0.3887434902
335	-0.3886319415	-0.3886319415
336	-0.3884413873	-0.3884413873
337	-0.3883433127	-0.3883433127
338	-0.3882314477	-0.3882314477
339	-0.388070725	-0.388070725
340	-0.3879345761	-0.3879345761
341	-0.387821017	-0.387821017
342	-0.3877158541	-0.3877158541
343	-0.3876334847	-0.3876334847
344	-0.3875245063	-0.3875245063
345	-0.3874594617	-0.3874594617
346	-0.3873260907	-0.3873260907
347	-0.3872540179	-0.3872540179
348	-0.3870940135	-0.3870940135
349	-0.3869857266	-0.3869857266
350	-0.386875164	-0.386875164
351	-0.3867881184	-0.3867881184
352	-0.3867078411	-0.3867078411
353	-0.386610887	-0.386610887
354	-0.3864697306	-0.3864697306
355	-0.3864048681	-0.3864048681
356	-0.3862762163	-0.3862762163
357	-0.3861996668	-0.3861996668
358	-0.3859873826	-0.3859873826
359	-0.3858474907	-0.3858474907
360	-0.3857614884	-0.3857614884
361	-0.3855282221	-0.3855282221
362	-0.3854473631	-0.3854473631
363	-0.3853295071	-0.3853295071
364	-0.3852542316	-0.3852542316
365	-0.3850724139	-0.3850724139
366	-0.3849587159	-0.3849587159
367	-0.3847945249	-0.3847945249
368	-0.384657803	-0.384657803
369	-0.3846174279	-0.3846174279
370	-0.3844922727	-0.3844922727
371	-0.3844209804	-0.3844209804
372	-0.3842990153	-0.3842990153
373	-0.3841364934	-0.3841364934
374	-0.3839932257	-0.3839932257
375	-0.3838571985	-0.3838571985
376	-0.3837418119	-0.3837418119
377	-0.3836488613	-0.3836488613
378	-0.3835830021	-0.3835830021
379	-0.3834498297	-0.3834498297
380	-0.3833579508	-0.3833579508
381	-0.3832138867	-0.3832138867
382	-0.3830920649	-0.3830920649
383	-0.3829507145	-0.3829507145
384	-0.3828556547	-0.3828556547
385	-0.3827429542	-0.3827429542
386	-0.382619225	-0.382619225
387	-0.3824575753	-0.3824575753
388	-0.382334622	-0.382334622
389	-0.382229554	-0.382229554
390	-0.3820595093	-0.3820595093
391	-0.3819955303	-0.3819955303
392	-0.3819146206	-0.3819146206
393	-0.3818280501	-0.3818280501
394	-0.3817389506	-0.3817389506
395	-0.3816381356	-0.3816381356
396	-0.3815645605	-0.3815645605
397	-0.3814783729	-0.3814783729
398	-0.3813707437	-0.3813707437
399	-0.3812819544	-0.3812819544
400	-0.381194098	-0.381194098
401	-0.3811155234	-0.3811155234
402	-0.3810222444	-0.3810222444
403	-0.3809141134	-0.3809141134
404	-0.380792039	-0.380792039
405	-0.3806541086	-0.3806541086
406	-0.3805084831	-0.3805084831
407	-0.3803987857	-0.3803987857
408	-0.3802974185	-0.3802974185
409	-0.3802125723	-0.3802125723
410	-0.380141065	-0.380141065
411	-0.3800218633	-0.3800218633
412	-0.3799128585	-0.3799128585
413	-0.3798160393	-0.3798160393
414	-0.3797241302	-0.3797241302
415	-0.3796663411	-0.3796663411
416	-0.3795777139	-0.3795777139
417	-0.3794417915	-0.3794417915
418	-0.3793262785	-0.3793262785
419	-0.3791698571	-0.3791698571
420	-0.3790931059	-0.3790931059
421	-0.3790123388	-0.3790123388
422	-0.3789100201	-0.3789100201
423	-0.3788163383	-0.3788163383
424	-0.3786857242	-0.3786857242
425	-0.3785450439	-0.3785450439
426	-0.3784394655	-0.3784394655
427	-0.3783207614	-0.3783207614
428	-0.378176738	-0.378176738
429	-0.378101277	-0.378101277
430	-0.3779701453	-0.3779701453
431	-0.3779106356	-0.3779106356
432	-0.3778645157	-0.3778645157
433	-0.3777556662	-0.3777556662
434	-0.3776757368	-0.3776757368
435	-0.3775743171	-0.3775743171
436	-0.377521381	-0.377521381
437	-0.3773871797	-0.3773871797
438	-0.3772949985	-0.3772949985
439	-0.3772160666	-0.3772160666
440	-0.3770672736	-0.3770672736
441	-0.3768923428	-0.3768923428
442	-0.3768493456	-0.3768493456
443	-0.3767020196	-0.3767020196
444	-0.3766056684	-0.3766056684
445	-0.3765174	-0.3765174
446	-0.3764095168	-0.3764095168
447	-0.3762895888	-0.3762895888
448	-0.3761482649	-0.3761482649
449	-0.376010644	-0.376010644
450	-0.3758621518	-0.3758621518
451	-0.3757721718	-0.3757721718
452	-0.3757161121	-0.3757161121
453	-0.3755815017	-0.3755815017
454	-0.3755242858	-0.3755242858
455	-0.3754089101	-0.3754089101
456	-0.3753239738	-0.3753239738
457	-0.3752201135	-0.3752201135
458	-0.375155814	-0.375155814
459	-0.3751008336	-0.3751008336
460	-0.3750104421	-0.3750104421
461	-0.3748759504	-0.3748759504
462	-0.3747734497	-0.3747734497
463	-0.3746698215	-0.3746698215
464	-0.3745600182	-0.3745600182
465	-0.3745064898	-0.3745064898
466	-0.3744478309	-0.3744478309
467	-0.3743528221	-0.3743528221
468	-0.3742529231	-0.3742529231
469	-0.3741301364	-0.3741301364
470	-0.3740053768	-0.3740053768
471	-0.3738544934	-0.3738544934
472	-0.3737150888	-0.3737150888
473	-0.3736053062	-0.3736053062
474	-0.3734698277	-0.3734698277
475	-0.3733560117	-0.3733560117
476	-0.3732559792	-0.3732559792
477	-0.3731967695	-0.3731967695
478	-0.3731156154	-0.3731156154
479	-0.3729931098	-0.3729931098
480	-0.372934432	-0.372934432
481	-0.372789891	-0.372789891
482	-0.3726926151	-0.3726926151
483	-0.3726299382	-0.3726299382
484	-0.37253749	-0.37253749
485	-0.3724971621	-0.3724971621
486	-0.3724322129	-0.3724322129
487	-0.3723210803	-0.3723210803
488	-0.3722296457	-0.3722296457
489	-0.3721316636	-0.3721316636
490	-0.3720521553	-0.3720521553
491	-0.371980244	-0.371980244
492	-0.3718407513	-0.3718407513
493	-0.3717313181	-0.3717313181
494	-0.3716815419	-0.3716815419
495	-0.3715506868	-0.3715506868
496	-0.371453513	-0.371453513
497	-0.3713820377	-0.3713820377
498	-0.3712976101	-0.3712976101
499	-0.3712621113	-0.3712621113
500	-0.3711907707	-0.3711907707
501	-0.3710271664	-0.3710271664
502	-0.3709166943	-0.3709166943
503	-0.3708506293	-0.3708506293
504	-0.3707982962	-0.3707982962
505	-0.3707406251	-0.3707406251
506	-0.3706241262	-0.3706241262
507	-0.3705454953	-0.3705454953
508	-0.3703978308	-0.3703978308
509	-0.3702607025	-0.3702607025
510	-0.3701903633	-0.3701903633
511	-0.3701404507	-0.3701404507
512	-0.3700735527	-0.3700735527
513	-0.3700213874	-0.3700213874
514	-0.3699421517	-0.3699421517
515	-0.3697880732	-0.3697880732
516	-0.3696890228	-0.3696890228
517	-0.3695987255	-0.3695987255
518	-0.3695510354	-0.3695510354
519	-0.3695035577	-0.3695035577
520	-0.3694578958	-0.3694578958
521	-0.3693895217	-0.3693895217
522	-0.3693443006	-0.3693443006
523	-0.3692446924	-0.3692446924
524	-0.3691258655	-0.3691258655
525	-0.368990677	-0.368990677
526	-0.368883222	-0.368883222
527	-0.3688358506	-0.3688358506
528	-0.3687055844	-0.3687055844
529	-0.3686538597	-0.3686538597
530	-0.3685976442	-0.3685976442
531	-0.3685446866	-0.3685446866
532	-0.3684821742	-0.3684821742
533	-0.3684032061	-0.3684032061
534	-0.3683117233	-0.3683117233
535	-0.3682766434	-0.3682766434
536	-0.368212534	-0.368212534
537	-0.3681379929	-0.3681379929
538	-0.3681200743	-0.3681200743
539	-0.3680448407	-0.3680448407
540	-0.3679046023	-0.3679046023
541	-0.3678114012	-0.3678114012
542	-0.3677151642	-0.3677151642
543	-0.3676551733	-0.3676551733
544	-0.3675226028	-0.3675226028
545	-0.3674311259	-0.3674311259
546	-0.3673611432	-0.3673611432
547	-0.3672550453	-0.3672550453
548	-0.3671771206	-0.3671771206
549	-0.3670471385	-0.3670471385
550	-0.3669826429	-0.3669826429
551	-0.3669126362	-0.3669126362
552	-0.3668072134	-0.3668072134
553	-0.3667032059	-0.3667032059
554	-0.3666600541	-0.3666600541
555	-0.3665765338	-0.3665765338
556	-0.3665050638	-0.3665050638
557	-0.3664235	-0.3664235
558	-0.3663510654	-0.3663510654
559	-0.3662400741	-0.3662400741
560	-0.36619405	-0.36619405
561	-0.3661126939	-0.3661126939
562	-0.3659978928	-0.3659978928
563	-0.3659392869	-0.3659392869
564	-0.3658882073	-0.3658882073
565	-0.3657217029	-0.3657217029
566	-0.3656530024	-0.3656530024
567	-0.3656039885	-0.3656039885
568	-0.3654753046	-0.3654753046
569	-0.3654019852	-0.3654019852
570	-0.3652707601	-0.3652707601
571	-0.3651633681	-0.3651633681
572	-0.3651173927	-0.3651173927
573	-0.365009547	-0.365009547
574	-0.36493971	-0.36493971
575	-0.3648495014	-0.3648495014
576	-0.3647838874	-0.3647838874
577	-0.36468585	-0.36468585
578	-0.3645478977	-0.3645478977
579	-0.3645005161	-0.3645005161
580	-0.3644455023	-0.3644455023
581	-0.3643318181	-0.3643318181
582	-0.3642651362	-0.3642651362
583	-0.3642122523	-0.3642122523
584	-0.3640612773	-0.3640612773
585	-0.3639737205	-0.3639737205
586	-0.3639007776	-0.3639007776
587	-0.3638318785	-0.3638318785
588	-0.3637597005	-0.3637597005
589	-0.3637247664	-0.3637247664
590	-0.3636465113	-0.3636465113
591	-0.363585549	-0.363585549
592	-0.3635048014	-0.3635048014
593	-0.3634384035	-0.3634384035
594	-0.3633502259	-0.3633502259
595	-0.3632882645	-0.3632882645
596	-0.3632173851	-0.3632173851
597	-0.3631489598	-0.3631489598
598	-0.3630942238	-0.3630942238
599	-0.3629924263	-0.3629924263
600	-0.3628926906	-0.3628926906
601	-0.3628364991	-0.3628364991
602	-0.3627406009	-0.3627406009
603	-0.3627009296	-0.3627009296
604	-0.3625752144	-0.3625752144
605	-0.3624453665	-0.3624453665
606	-0.3623963875	-0.3623963875
607	-0.362356001	-0.362356001
608	-0.3622615308	-0.3622615308
609	-0.3621505068	-0.3621505068
610	-0.3620878899	-0.3620878899
611	-0.362005666	-0.362005666
612	-0.3619643891	-0.3619643891
613	-0.3618925305	-0.3618925305
614	-0.3617752362	-0.3617752362
615	-0.3617311507	-0.3617311507
616	-0.3616812882	-0.3616812882
617	-0.3616487912	-0.3616487912
618	-0.3615612829	-0.3615612829
619	-0.3614212296	-0.3614212296
620	-0.3613574041	-0.3613574041
621	-0.3612359927	-0.3612359927
622	-0.3611589733	-0.3611589733
623	-0.3610585665	-0.3610585665
624	-0.3610055264	-0.3610055264
625	-0.3609264686	-0.3609264686
626	-0.3608146786	-0.3608146786
627	-0.3607774845	-0.3607774845
628	-0.3606937516	-0.3606937516
629	-0.3606556884	-0.3606556884
630	-0.3605877547	-0.3605877547
631	-0.3605032286	-0.3605032286
632	-0.3604074272	-0.3604074272
633	-0.3603357015	-0.3603357015
634	-0.3602848721	-0.3602848721
635	-0.3601769235	-0.3601769235
636	-0.3600509061	-0.3600509061
637	-0.3599945194	-0.3599945194
638	-0.359968394	-0.359968394
639	-0.3598605757	-0.3598605757
640	-0.3597574482	-0.3597574482
641	-0.3596718251	-0.3596718251
642	-0.359573476	-0.359573476
643	-0.359424318	-0.359424318
644	-0.3593971714	-0.3593971714
645	-0.3593160662	-0.3593160662
646	-0.3592961949	-0.3592961949
647	-0.3592015212	-0.3592015212
648	-0.3590444033	-0.3590444033
649	-0.3589607179	-0.3589607179
650	-0.3588980641	-0.3588980641
651	-0.3588012208	-0.3588012208
652	-0.3587085772	-0.3587085772
653	-0.3586507989	-0.3586507989
654	-0.3585542872	-0.3585542872
655	-0.358504869	-0.358504869
656	-0.3584663565	-0.3584663565
657	-0.3583869349	-0.3583869349
658	-0.3583353203	-0.3583353203
659	-0.358265426	-0.358265426
660	-0.3582118261	-0.3582118261
661	-0.3581763908	-0.3581763908
662	-0.3581372102	-0.3581372102
663	-0.3580390544	-0.3580390544
664	-0.357967726	-0.357967726
665	-0.3578951643	-0.3578951643
666	-0.3577660143	-0.3577660143
667	-0.3576440166	-0.3576440166
668	-0.3575667242	-0.3575667242
669	-0.3575234119	-0.3575234119
670	-0.3574928291	-0.3574928291
671	-0.3574345257	-0.3574345257
672	-0.3573759766	-0.3573759766
673	-0.3573017291	-0.3573017291
674	-0.3572365902	-0.3572365902
675	-0.3571897097	-0.3571897097
676	-0.3571332457	-0.3571332457
677	-0.3570597577	-0.3570597577
678	-0.3569912713	-0.3569912713
679	-0.3569340825	-0.3569340825
680	-0.3568804419	-0.3568804419
681	-0.3568026826	-0.3568026826
682	-0.3567782751	-0.3567782751
683	-0.3567314477	-0.3567314477
684	-0.3566720181	-0.3566720181
685	-0.3565853783	-0.3565853783
686	-0.3565187489	-0.3565187489
687	-0.3564728007	-0.3564728007
688	-0.3564299045	-0.3564299045
689	-0.3563711801	-0.3563711801
690	-0.3562845248	-0.3562845248
691	-0.3561811413	-0.3561811413
692	-0.3561201874	-0.3561201874
693	-0.3560533368	-0.3560533368
694	-0.3559728592	-0.3559728592
695	-0.3559086412	-0.3559086412
696	-0.3558468079	-0.3558468079
697	-0.3557754479	-0.3557754479
698	-0.3556789652	-0.3556789652
699	-0.355609191	-0.355609191
700	-0.3555775882	-0.3555775882
701	-0.3554878004	-0.3554878004
702	-0.3554598585	-0.3554598585
703	-0.3554328963	-0.3554328963
704	-0.3553568667	-0.3553568667
705	-0.3552769184	-0.3552769184
706	-0.3551987216	-0.3551987216
707	-0.3551256705	-0.3551256705
708	-0.354998004	-0.354998004
709	-0.3549364131	-0.3549364131
710	-0.3548758186	-0.3548758186
711	-0.3547658225	-0.3547658225
712	-0.3546855042	-0.3546855042
713	-0.3546169027	-0.3546169027
714	-0.3545639898	-0.3545639898
715	-0.3545177336	-0.3545177336
716	-0.3544027093	-0.3544027093
717	-0.3543337617	-0.3543337617
718	-0.3542605353	-0.3542605353
719	-0.3541866814	-0.3541866814
720	-0.3541170087	-0.3541170087
721	-0.3540094588	-0.3540094588
722	-0.3539443824	-0.3539443824
723	-0.3539255481	-0.3539255481
724	-0.3538219604	-0.3538219604
725	-0.3537603892	-0.3537603892
726	-0.3536317801	-0.3536317801
727	-0.3535728723	-0.3535728723
728	-0.3535227994	-0.3535227994
729	-0.3534590836	-0.3534590836
730	-0.3534164308	-0.3534164308
731	-0.3533319531	-0.3533319531
732	-0.3532751375	-0.3532751375
733	-0.3531759856	-0.3531759856
734	-0.3531419565	-0.3531419565
735	-0.3530691299	-0.3530691299
736	-0.3529835472	-0.3529835472
737	-0.3529250246	-0.3529250246
738	-0.3528746391	-0.3528746391
739	-0.3528245055	-0.3528245055
740	-0.3527917692	-0.3527917692
741	-0.3527451049	-0.3527451049
742	-0.3526279672	-0.3526279672
743	-0.3525959716	-0.3525959716
744	-0.3525406803	-0.3525406803
745	-0.3524728229	-0.3524728229
746	-0.3523705979	-0.3523705979
747	-0.3523594919	-0.3523594919
748	-0.3523259364	-0.3523259364
749	-0.352246389	-0.352246389
750	-0.3522255694	-0.3522255694
751	-0.3521635726	-0.3521635726
752	-0.3520753765	-0.3520753765
753	-0.3519735159	-0.3519735159
754	-0.3519270386	-0.3519270386
755	-0.3518976425	-0.3518976425
756	-0.3518060287	-0.3518060287
757	-0.3517559564	-0.3517559564
758	-0.3516941853	-0.3516941853
759	-0.3516203474	-0.3516203474
760	-0.3515015833	-0.3515015833
761	-0.3514121849	-0.3514121849
762	-0.3513325519	-0.3513325519
763	-0.3512264434	-0.3512264434
764	-0.3511801517	-0.3511801517
765	-0.3511327559	-0.3511327559
766	-0.3510873573	-0.3510873573
767	-0.3510208842	-0.3510208842
768	-0.3509875618	-0.3509875618
769	-0.3509193916	-0.3509193916
770	-0.3508800431	-0.3508800431
771	-0.3508595087	-0.3508595087
772	-0.3508276042	-0.3508276042
773	-0.3507708738	-0.3507708738
774	-0.3507273786	-0.3507273786
775	-0.3506317095	-0.3506317095
776	-0.3505829831	-0.3505829831
777	-0.3504852237	-0.3504852237
778	-0.3504040153	-0.3504040153
779	-0.350342244	-0.350342244
780	-0.3502356388	-0.3502356388
781	-0.3502080694	-0.3502080694
782	-0.3501455854	-0.3501455854
783	-0.3500718578	-0.3500718578
784	-0.3499679426	-0.3499679426
785	-0.3498971129	-0.3498971129
786	-0.3497938577	-0.3497938577
787	-0.3496982517	-0.3496982517
788	-0.3496047478	-0.3496047478
789	-0.349570691	-0.349570691
790	-0.3495218858	-0.3495218858
791	-0.3494722758	-0.3494722758
792	-0.3494352102	-0.3494352102
793	-0.3493317316	-0.3493317316
794	-0.3492763808	-0.3492763808
795	-0.3492285835	-0.3492285835
796	-0.3491791987	-0.3491791987
797	-0.3491042226	-0.3491042226
798	-0.3490212359	-0.3490212359
799	-0.3489685012	-0.3489685012
800	-0.3488231455	-0.3488231455
801	-0.3487684212	-0.3487684212
802	-0.3487066971	-0.3487066971
803	-0.3486753729	-0.3486753729
804	-0.3485378948	-0.3485378948
805	-0.348463915	-0.348463915
806	-0.3484336371	-0.3484336371
807	-0.3483582771	-0.3483582771
808	-0.3483223883	-0.3483223883
809	-0.3482692369	-0.3482692369
810	-0.348217196	-0.348217196
811	-0.3481529746	-0.3481529746
812	-0.3480924311	-0.3480924311
813	-0.3480265367	-0.3480265367
814	-0.3479453196	-0.3479453196
815	-0.347851822	-0.347851822
816	-0.3477884994	-0.3477884994
817	-0.3477304807	-0.3477304807
818	-0.3476551585	-0.3476551585
819	-0.3476295139	-0.3476295139
820	-0.3474973184	-0.3474973184
821	-0.3474407651	-0.3474407651
822	-0.3474001477	-0.3474001477
823	-0.3473477843	-0.3473477843
824	-0.3472365773	-0.3472365773
825	-0.3471691333	-0.3471691333
826	-0.3470939861	-0.3470939861
827	-0.3470160342	-0.3470160342
828	-0.3469705859	-0.3469705859
829	-0.3469051595	-0.3469051595
830	-0.346863887	-0.346863887
831	-0.3468150927	-0.3468150927
832	-0.3467898154	-0.3467898154
833	-0.3467307832	-0.3467307832
834	-0.3466909869	-0.3466909869
835	-0.3465733245	-0.3465733245
836	-0.3465068898	-0.3465068898
837	-0.3464409495	-0.3464409495
838	-0.3463840497	-0.3463840497
839	-0.3463385488	-0.3463385488
840	-0.3462874906	-0.3462874906
841	-0.346215849	-0.346215849
842	-0.3461939193	-0.3461939193
843	-0.3461279185	-0.3461279185
844	-0.346047275	-0.346047275
845	-0.3459830983	-0.3459830983
846	-0.345894963	-0.345894963
847	-0.3458027663	-0.3458027663
848	-0.3457861997	-0.3457861997
849	-0.3457417316	-0.3457417316
850	-0.3456741875	-0.3456741875
851	-0.345622709	-0.345622709
852	-0.3455777186	-0.3455777186
853	-0.3455356393	-0.3455356393
854	-0.3455029415	-0.3455029415
855	-0.3454694437	-0.3454694437
856	-0.3454067705	-0.3454067705
857	-0.3453191245	-0.3453191245
858	-0.3452660453	-0.3452660453
859	-0.3451912947	-0.3451912947
860	-0.3451130274	-0.3451130274
861	-0.3450826271	-0.3450826271
862	-0.3449807855	-0.3449807855
863	-0.3449202741	-0.3449202741
864	-0.3448832423	-0.3448832423
865	-0.3448222693	-0.3448222693
866	-0.3447627044	-0.3447627044
867	-0.3447159416	-0.3447159416
868	-0.3446102663	-0.3446102663
869	-0.3445450009	-0.3445450009
870	-0.3444792561	-0.3444792561
871	-0.3444445165	-0.3444445165
872	-0.3443934064	-0.3443934064
873	-0.3443382834	-0.3443382834
874	-0.3442758037	-0.3442758037
875	-0.3442222753	-0.3442222753
876	-0.3441708937	-0.3441708937
877	-0.3441241739	-0.3441241739
878	-0.3440550381	-0.3440550381
879	-0.344004331	-0.344004331
880	-0.34391296	-0.34391296
881	-0.3438384314	-0.3438384314
882	-0.3437810475	-0.3437810475
883	-0.3437083199	-0.3437083199
884	-0.3436768561	-0.3436768561
885	-0.3436279064	-0.3436279064
886	-0.343585634	-0.343585634
887	-0.3435517691	-0.3435517691
888	-0.343518344	-0.343518344
889	-0.3434398313	-0.3434398313
890	-0.3433857319	-0.3433857319
891	-0.3433442907	-0.3433442907
892	-0.3432573142	-0.3432573142
893	-0.3431981044	-0.3431981044
894	-0.3431455078	-0.3431455078
895	-0.3430935823	-0.3430935823
896	-0.343005946	-0.343005946
897	-0.342940838	-0.342940838
898	-0.3428557635	-0.3428557635
899	-0.3428254198	-0.3428254198
900	-0.3427355767	-0.3427355767
901	-0.342637288	-0.342637288
902	-0.3425321225	-0.3425321225
903	-0.3424874459	-0.3424874459
904	-0.3423758871	-0.3423758871
905	-0.3423092375	-0.3423092375
906	-0.3422377672	-0.3422377672
907	-0.3422075121	-0.3422075121
908	-0.3421671123	-0.3421671123
909	-0.3420619429	-0.3420619429
910	-0.3420293388	-0.3420293388
911	-0.3419695973	-0.3419695973
912	-0.341916943	-0.341916943
913	-0.3418632414	-0.3418632414
914	-0.3417310806	-0.3417310806
915	-0.3416718986	-0.3416718986
916	-0.3416111605	-0.3416111605
917	-0.3415633985	-0.3415633985
918	-0.3415036447	-0.3415036447
919	-0.3414694787	-0.3414694787
920	-0.341392403	-0.341392403
921	-0.3413372955	-0.3413372955
922	-0.3412688846	-0.3412688846
923	-0.3412411107	-0.3412411107
924	-0.3412267292	-0.3412267292
925	-0.3411363973	-0.3411363973
926	-0.341099054	-0.341099054
927	-0.3410568547	-0.3410568547
928	-0.3409819341	-0.3409819341
929	-0.3409393487	-0.3409393487
930	-0.3408887431	-0.3408887431
931	-0.3408420435	-0.3408420435
932	-0.3407609564	-0.3407609564
933	-0.3406681255	-0.3406681255
934	-0.3406021976	-0.3406021976
935	-0.3405406968	-0.3405406968
936	-0.3405020643	-0.3405020643
937	-0.3404594199	-0.3404594199
938	-0.3404099752	-0.3404099752
939	-0.3403855846	-0.3403855846
940	-0.3402986928	-0.3402986928
941	-0.3402398929	-0.3402398929
942	-0.3401506497	-0.3401506497
943	-0.340085929	-0.340085929
944	-0.3400201435	-0.3400201435
945	-0.3399098256	-0.3399098256
946	-0.339878343	-0.339878343
947	-0.3398398097	-0.3398398097
948	-0.3398022639	-0.3398022639
949	-0.3396916982	-0.3396916982
950	-0.3396547138	-0.3396547138
951	-0.3395967861	-0.3395967861
952	-0.3395830413	-0.3395830413
953	-0.3395248843	-0.3395248843
954	-0.3394539744	-0.3394539744
955	-0.3394053976	-0.3394053976
956	-0.3393470867	-0.3393470867
957	-0.3392752351	-0.3392752351
958	-0.3392010532	-0.3392010532
959	-0.3391156113	-0.3391156113
960	-0.3390696994	-0.3390696994
961	-0.3390196296	-0.3390196296
962	-0.3389116986	-0.3389116986
963	-0.3388688059	-0.3388688059
964	-0.3388218868	-0.3388218868
965	-0.3387456375	-0.3387456375
966	-0.3387079946	-0.3387079946
967	-0.3386524897	-0.3386524897
968	-0.3385644755	-0.3385644755
969	-0.3385027397	-0.3385027397
970	-0.3383895865	-0.3383895865
971	-0.3383431556	-0.3383431556
972	-0.3382205492	-0.3382205492
973	-0.3381669083	-0.3381669083
974	-0.3381281388	-0.3381281388
975	-0.3380707912	-0.3380707912
976	-0.3380199635	-0.3380199635
977	-0.3379918457	-0.3379918457
978	-0.337943611	-0.337943611
979	-0.337915178	-0.337915178
980	-0.3378929027	-0.3378929027
981	-0.3378367552	-0.3378367552
982	-0.337771377	-0.337771377
983	-0.3377287986	-0.3377287986
984	-0.337690596	-0.337690596
985	-0.3376442725	-0.3376442725
986	-0.3375712586	-0.3375712586
987	-0.3374906306	-0.3374906306
988	-0.337418829	-0.337418829
989	-0.3373687843	-0.3373687843
990	-0.337324237	-0.337324237
991	-0.3372760397	-0.3372760397
992	-0.3372008657	-0.3372008657
993	-0.337141216	-0.337141216
994	-0.3371026853	-0.3371026853
995	-0.3370083156	-0.3370083156
996	-0.3369342465	-0.3369342465
997	-0.3368610431	-0.3368610431
998	-0.336805396	-0.336805396
999	-0.3367095964	-0.3367095964
