iter	MultiClassOneVsAll	F1:class=0	F1:class=1	F1:class=2	F1:class=3
0	-0.6804256781	0.7505917796	0.01331114809	0.2247332078	0.0596491228111	-0.6684691837	0.7618736383	0	0.1669128508	0.2182302062	2	-0.6573213839	0.7663407668	0.003378378378	0.1631153564	0.2506361323	3	-0.6471556606	0.7590595341	0.003378378378	0.1573033708	0.20153954	4	4	-0.6373219932	0.7577452668	0.003378378378	0.1405653175	-0.6281905755	-0.6276740919	0.7588216251	0	0.15063385536	-0.6192350076	-0.6187697643	0.7560130011	0	0.15406976747	-0.6108063307	-0.6103089446	0.7570204922	0	0.158	-0.6026162989	0.75798	-0.6021056282	0.7564171992	9	-0.594735988	0.75742735889	-0.5941936427	0.761987415910	-0.587229314	0.7588613807	10	-0.5866634935	0.75714748011	-0.5802882816	0.7569277766	11	-0.5798182712	0.7607282112	-0.5737725895	0.7559912854	012	-0.573242588	0.76030732613	-0.5674455514	0.756568189313	-0.5669186343	0.760121238414	-0.5614243027	0.756927776614	-0.5611443028	0.759433452315	-0.5558741304	0.755516904	15	-0.555472203	0.758881330316	-0.5501785415	0.755628058716	-0.5500527989	0.757024437517	-0.5449796102	0.755270593317	-0.5447423331	0.755178705618	-0.5398517926	0.75540584518	-0.5396725001	0.7556799828	19	-0.5351308423	0.75447542519	-0.5346721794	0.7561814664	20	-0.5306741796	0.7519565220	-0.5301077825	0.7556940266	021	-0.5263148347	0.7531199121	-0.5255436793	0.7561526061	022	-0.5222006418	0.7536704722	-0.5217629018	0.7539614561	023	-0.5184293911	0.7529053923	-0.5177911425	0.7547169811	24	-0.5145645912	0.7526905024	-0.5139479189	0.7556080283	025	-0.5106543281	0.7547087625	-0.5101922538	0.7561708521	026	-0.5070199985	0.7540590626	-0.5065017403	0.7574358424	027	-0.5037408597	0.7544701227	-0.5030254727	0.7583315416	028	-0.500575384	0.75400544928	-0.4997130373	0.7589103047	29	-0.4972206101	0.75767472229	-0.4964280911	0.7605572956	30	-0.494259029	0.757592249930	-0.4931856128	0.761226252231	-0.4912839644	0.757509795431	-0.4904286331	0.761719593932	-0.4884958699	0.75634462432	-0.4878216357	0.7617504052	33	-0.4857214203	0.7588760633	-0.4854796595	0.7615550756	034	-0.483288392	0.7581628234	-0.4829477472	0.7611746923	35	-0.4809218491	0.75799782335	-0.480541866	0.76180136	-0.4786582043	0.7574208981	0	036	-0.4779430547	0.76197637	-0.4762267011	0.7589431336	0	037	-0.4756096139	0.76321438	-0.474012883	0.7588760619	0	0.38	-0.4734114125	0.7637139	-0.4720834594	0.7589888865	0	0.39	-0.4712173226	0.7646440	-0.4702803482	0.7588235294	0	0.40	-0.4690907275	0.7646441	-0.4684941485	0.7588235294	0	0.41	-0.467173108	0.76422742	-0.4668102483	0.7587108014	0	042	-0.4654499274	0.76406143	-0.4647699006	0.7600087032	0	43	-0.4636444887	0.764973944	-0.463211728	0.7598129825	0	044	-0.4618337682	0.76514045	-0.4613921771	0.7606400348	0	045	-0.4603123602	0.7653046	-0.4598112548	0.7607749238	0	046	-0.4588004225	0.47	-0.4582767859	0.7603089979	0	0.2125947	-0.4572311426	0.48	-0.4568568407	0.7604744804	0	48	-0.4555893684	0.765019049	-0.4555357736	0.7604744804	0	49	-0.4541318989	0.766017650	-0.4540189824	0.7610850855	0	50	-0.4528275289	0.765800051	-0.4524734531	0.7620501636	0	51	-0.4512524087	0.766652152	-0.4511003845	0.7628708551	052	-0.4499899261	0.7666013453	-0.449776196	0.7634737072	0	53	-0.4487093671	0.766583154	-0.44842462	0.76408912154	-0.4473694272	0.7669860627	55	-0.4473789135	0.76389040555	-0.4462425154	0.767403856656	-0.446260032	0.7635887361	56	-0.4451334475	0.76740385657	-0.4450889248	0.7642045455	57	-0.444004967	0.767236684558	-0.4439080245	0.764153005558	-0.4429429255	0.767120304859	-0.4429266407	0.764339560859	-0.4419126577	0.767370943160	-0.4418803223	0.76484093160	-0.4409079782	0.7677053824	61	-0.4408978341	0.76525924361	-0.4400293925	0.7678727114	62	-0.4398906606	0.76529160762	-0.438959737	0.7678727114	063	-0.4387992215	0.765929463	-0.4383876802	0.7674545257	064	-0.4380023158	064	-0.4376443258	0.7676217453	0	0.2219215156	0.20144965	-065	-0.4367305064	0.7682913532	0	0.2247956403	0.2145922747
66	-0.4359500196	0.7682913532	0	0.2225255973	0.2169878658
67	-0.4351719995	0.7685761047	0	0.2281059063	0.2144388849
68	-0.434477679	0.7688277669	0	0.2298850575	0.2106017192
69	-0.4337772754	0.7689956332	0	0.2321187584	0.2107526882
70	-0.4330747798	0.7691635728	0	0.2345013477	0.2107526882
71	-0.4323829979	0.7693315858	0	0.2361673414	0.2144388849
72	-0.4316386727	0.7691467278	0	0.2357723577	0.2230113636
73	-0.4310348502	0.7692475702	0	0.233220339	0.2206405694
74	-0.4302873173	0.7693315858	0	0.2320217096	0.223169865
75	-0.4296776275	0.769583743	0	0.2347354138	0.2255319149
76	-0.4290023944	0.7694156199	0	0.2335369993	0.228530873
77	-0.428307186	0.7694493007	0	0.2318644068	0.229787234
78	-0.4277059112	0.770256971	0	0.2348178138	0.2269503546
79	-0.4269575387	0.770678337	0	0.2331536388	0.2264685067
80	-0.4262909769	0.7707968476	0	0.2355316285	0.228975265
81	-0.4256993362	0.7712189245	0	0.2386058981	0.2277227723
82	-0.4251292171	0.7713878848	0	0.2397856664	0.2275618375
83	-0.4244924943	0.7713878848	0	0.2401601067	0.2242725337
84	-0.424044218	0.7712189245	0	0.2428666224	0.2187276626
85	-0.4234829903	0.771556919	0	0.2437086093	0.2185714286
86	-0.4230207873	0.7713878848	0	0.2438701127	0.2187276626
87	-0.4225332934	0.7716414639	0	0.2461945731	0.2214285714
88	-0.4220361121	0.7717260274	0	0.2418604651	0.2245913291
89	-0.4217081373	0.771860618	0	0.2468312208	0.2266288952
90	-0.4212264147	0.7718952099	0	0.2451698867	0.2264685067
91	-0.4207720968	0.772503015	0	0.2466666667	0.2274011299
92	-0.4203262475	0.7722337976	0	0.2468312208	0.229739253
93	-0.4199144192	0.7725726824	0	0.2504996669	0.2308233638
94	-0.4195589826	0.7724380075	0	0.2491672219	0.2306610408
95	-0.419246131	0.7728270413	0	0.25	0.2308233638
96	-0.4189527697	0.7727921009	0	0.2491672219	0.2322308234
97	-0.4184566227	0.7727422364	0	0.2493333333	0.2345505618
98	-0.4179508753	0.7729118648	0	0.248835662	0.2333099086
99	-0.4176248224	0.7732015376	0	0.2553191489	0.2366946779
100	-0.417115028	0.7736263736	0	0.2571239231	0.2394957983
101	-0.4168030986	0.7735413691	0	0.2563081009	0.2391608392
102	-0.4164210882	0.7735911238	0	0.2572944297	0.2384291725
103	-0.4160367295	0.7732864675	0	0.2543275632	0.2389937107
104	-0.4157363316	0.7735413691	0	0.2533333333	0.2395543175
105	-0.4153959621	0.7737113969	0	0.2539893617	0.239888424
106	-0.4149226562	0.7737964388	0	0.2556591212	0.2379958246
107	-0.4146132493	0.7742715778	0	0.2572944297	0.2384937238
108	-0.4142265039	0.7740516767	0	0.2564784053	0.2393876131
109	-0.4139030581	0.7738814994	0	0.2521681121	0.238723109
110	-0.4133686344	0.7743922561	0	0.255489022	0.2383922384
111	-0.4130016115	0.774292946	0	0.255489022	0.2404975812
112	-0.4127682061	0.774548657	0	0.2571239231	0.2396121884
113	-0.4123969338	0.7748045369	0	0.256783587	0.2408304498
114	-0.4121427463	0.7751818382	0	0.2606978275	0.2382271468
115	-0.4117202444	0.7751818382	0	0.2614980289	0.2373351839
116	-0.4113900735	0.7756586925	0	0.2637795276	0.2399445215
117	-0.4111248661	0.7757442117	0	0.2643979058	0.2390548992
118	-0.4108981694	0.7758297497	0	0.2671905697	0.2414989591
119	-0.4106026306	0.7756947508	0	0.2666666667	0.2404447533
120	-0.4102118227	0.7762940073	0	0.2697068404	0.2414989591
121	-0.4099505624	0.7763796909	0.003378378378	0.2692810458	0.2434301521
122	-0.4096554302	0.7764653935	0.003378378378	0.2679738562	0.2432619212
123	-0.4093534091	0.776551115	0.003378378378	0.2696335079	0.244137931
124	-0.4090706663	0.776551115	0.003378378378	0.2711864407	0.2423822715
125	-0.4086980503	0.7767226148	0.003378378378	0.2729044834	0.2428868841
126	-0.4083476327	0.7765017668	0.003378378378	0.2716049383	0.2442748092
127	-0.4080257566	0.7769307259	0.003378378378	0.2723735409	0.2439362439
128	-0.4078025737	0.7773601592	0.003378378378	0.2727860375	0.2453222453
129	-0.4076143626	0.7774461028	0.003378378378	0.2724338283	0.2441054092
130	-0.4073780495	0.7774461028	0.003378378378	0.2751937984	0.2480942481
131	-0.4071560174	0.7774461028	0.003378378378	0.2751937984	0.2480942481
132	-0.4069641054	0.7776180471	0.003378378378	0.2764857881	0.2491349481
133	-0.4066752059	0.7776180471	0.003378378378	0.2781371281	0.2501727713
134	-0.4064636676	0.7777040478	0.003378378378	0.2775616083	0.2520661157
135	-0.4062073327	0.7777900675	0.003378378378	0.275862069	0.2524005487
136	-0.4060178088	0.7776180471	0.003378378378	0.2769830949	0.2501718213
137	-0.405786335	0.7777900675	0.003378378378	0.2786779002	0.2534435262
138	-0.4055496349	0.7777900675	0.006745362563	0.2807244502	0.2527624309
139	-0.4052860058	0.7781343366	0.003378378378	0.2801807618	0.2524137931
140	-0.4051282786	0.7783927385	0.003378378378	0.2835051546	0.2524137931
141	-0.4049698521	0.7786513121	0.003372681282	0.2818532819	0.2524137931
142	-0.4047847392	0.7784789107	0.003372681282	0.282763073	0.2546455609
143	-0.4045995862	0.7787375415	0.003372681282	0.2862669246	0.2558459422
144	-0.4044096485	0.7784789107	0.003372681282	0.2851612903	0.2561983471
145	-0.4042250694	0.7784789107	0.003372681282	0.2851612903	0.2561983471
146	-0.4039951428	0.77882379	0.006734006734	0.2851637765	0.2527624309
147	-0.4037152663	0.7789963443	0.01342281879	0.2871860914	0.2548209366
148	-0.4034429143	0.7792063844	0.0101010101	0.2882767457	0.2536181943
149	-0.4032608	0.7794655727	0.0101010101	0.2890025575	0.2508614748
150	-0.4030688476	0.7796384607	0.01344537815	0.2900958466	0.2522398346
151	-0.4028504143	0.7799844669	0.0101010101	0.2922782387	0.2544704264
152	-0.4025779924	0.7802929427	0.0101010101	0.2917197452	0.2520661157
153	-0.4023779835	0.7802820029	0.01342281879	0.2926208651	0.2518926359
154	-0.4020716087	0.780975664	0.01342281879	0.2972802024	0.2548209366
155	-0.4018614334	0.7810624583	0.01342281879	0.2972802024	0.2518926359
156	-0.4016368117	0.7810137839	0.01342281879	0.297979798	0.2520661157
157	-0.4014973547	0.78136121	0.01344537815	0.3033354311	0.2534435262
158	-0.4012647074	0.7812743245	0.01344537815	0.3004399749	0.2498274672
159	-0.4010647651	0.78136121	0.01344537815	0.3031446541	0.2522398346
160	-0.4008364843	0.7815350389	0.01344537815	0.3033354311	0.2544704264
161	-0.400671974	0.7820184711	0.01677852349	0.3048933501	0.2522398346
162	-0.4004344265	0.781882929	0.01677852349	0.3029541169	0.2556701031
163	-0.4001796947	0.7823182274	0.01677852349	0.30375	0.2508614748
164	-0.4000218671	0.7824053452	0.02006688963	0.3028785982	0.2506887052
165	-0.399725902	0.7824924825	0.02010050251	0.306441526	0.2532690984
166	-0.3995661877	0.7826668152	0.02006688963	0.3075	0.2532690984
167	-0.3994684326	0.7824827279	0.02006688963	0.3071161049	0.2544704264
168	-0.3992669635	0.782569932	0.02006688963	0.3071161049	0.2570446735
169	-0.3990340462	0.7823955432	0.02337228715	0.3047021944	0.2577107608
170	-0.3988315647	0.7826086957	0.02666666667	0.3036386449	0.2581967213
171	-0.3986597153	0.7828705253	0.02666666667	0.3053817272	0.2570061517
172	-0.3985211438	0.7830451757	0.02666666667	0.3075	0.2583732057
173	-0.3982677157	0.7833947104	0.02995008319	0.306441526	0.2617586912
174	-0.3981402789	0.7833947104	0.02995008319	0.306441526	0.2617586912
175	-0.3978933715	0.783530462	0.02995008319	0.3075	0.2580204778
176	-0.3977523034	0.7834821429	0.03	0.3085571518	0.2617586912
177	-0.397598723	0.7838320679	0.03	0.3102803738	0.2617586912
178	-0.3973823273	0.7839678464	0.03	0.313238036	0.2653898769
179	-0.3971434626	0.7843181057	0.03	0.3168316832	0.2673063742
180	-0.3970379052	0.784269914	0.03	0.3172839506	0.2649279341
181	-0.3969169472	0.7840464753	0.03	0.3183220234	0.2623626374
182	-0.396793411	0.7839588919	0.03	0.3187152563	0.2621825669
183	-0.3965704134	0.7847563701	0.03	0.3218249075	0.2674897119
184	-0.3963997038	0.7851073345	0.03	0.32	0.2659355723
185	-0.3961403318	0.7849714861	0.02995008319	0.3214285714	0.2684931507
186	-0.3958637746	0.7850592709	0.02995008319	0.3232944069	0.2702331962
187	-0.3957697933	0.785322743	0.02995008319	0.3249540159	0.2690459849
188	-0.3954519719	0.7855383927	0.03322259136	0.3229357798	0.2663006177
189	-0.3952870177	0.7855383927	0.03322259136	0.3223039216	0.2684931507
190	-0.3950834265	0.7856743145	0.03322259136	0.3220651506	0.2718579235
191	-0.3948302269	0.7858022618	0.03322259136	0.3234932349	0.2722940776
192	-0.3945834135	0.7861945316	0.03322259136	0.3274064991	0.2732834806
193	-0.3944375588	0.7865949339	0.03322259136	0.3333333333	0.2742155525
194	-0.3942717709	0.786811708	0.03322259136	0.3333333333	0.2744027304
195	-0.3940833524	0.7868999551	0.03322259136	0.3331306991	0.2730375427
196	-0.3938276545	0.7872053872	0.03322259136	0.3341433779	0.2761904762
197	-0.3937032127	0.7873343813	0.03322259136	0.3343428225	0.2750170184
198	-0.3935097551	0.7873821284	0.03322259136	0.3343465046	0.2797012899
199	-0.3933135099	0.7874705288	0.03322259136	0.337993921	0.2822252374
200	-0.3931706356	0.78768816	0.03648424544	0.3353584447	0.2830060934
201	-0.3930472746	0.78768816	0.03973509934	0.3363802559	0.2835921675
202	-0.3929080951	0.78768816	0.03973509934	0.3384053561	0.2839756592
203	-0.3926595241	0.7876404494	0.03973509934	0.3377885784	0.2855209743
204	-0.3924216034	0.7878174871	0.03973509934	0.3377885784	0.2864864865
205	-0.3922201992	0.7878583474	0.03973509934	0.3396226415	0.2907133244
206	-0.3920413129	0.7879878529	0.03973509934	0.3381995134	0.2887844191
207	-0.3919234041	0.7881241565	0.03966942149	0.3386114495	0.2901276024
208	-0.391791813	0.7882127995	0.03973509934	0.3408126137	0.2884097035
209	-0.3916685071	0.7884788479	0.03642384106	0.3428225318	0.2882154882
210	-0.3916101255	0.7884312402	0.03642384106	0.3422007255	0.2884097035
211	-0.3914381798	0.788383611	0.03966942149	0.3432024169	0.2870619946
212	-0.3913207338	0.7885135135	0.04290429043	0.3427881714	0.2895622896
213	-0.391118625	0.7884247269	0.04290429043	0.3426150121	0.2901276024
214	-0.3909850931	0.7887799932	0.03966942149	0.3462002413	0.2903225806
215	-0.3908047345	0.7890466531	0.04290429043	0.3491872366	0.291862811
216	-0.3906379934	0.7887323944	0.04290429043	0.3469879518	0.291862811
217	-0.3904883971	0.7893549842	0.04290429043	0.348767288	0.2951039571
218	-0.3903397246	0.7894440059	0.04290429043	0.348767288	0.2975871314
219	-0.3901428338	0.7895330476	0.04612850082	0.3503913305	0.297188755
220	-0.3899838218	0.7896221094	0.05254515599	0.3510253317	0.300802139
221	-0.3898311735	0.7896221094	0.05254515599	0.3512371756	0.3019372077
222	-0.389707513	0.7895330476	0.05245901639	0.3494558646	0.300400534
223	-0.389492669	0.7899785577	0.05245901639	0.3508137432	0.300400534
224	-0.3893076653	0.7900203206	0.05882352941	0.3506024096	0.3017356475
225	-0.3891881898	0.7901987353	0.05882352941	0.3540036123	0.3028685791
226	-0.389025569	0.7904665085	0.05564648118	0.3555555556	0.3042028019
227	-0.3889323136	0.7902879729	0.05882352941	0.3537906137	0.3042028019
228	-0.3888331794	0.7907817442	0.06199021207	0.3570566948	0.3056478405
229	-0.3886311898	0.7910498361	0.06199021207	0.3570566948	0.3076923077
230	-0.3884989045	0.7910025998	0.05882352941	0.356065178	0.3121693122
231	-0.3884121169	0.7914075749	0.06199021207	0.3598074609	0.3129973475
232	-0.3882657821	0.7912286651	0.06188925081	0.3607937462	0.3111702128
233	-0.3881515703	0.7913181099	0.06188925081	0.3610108303	0.3094289509
234	-0.3879034779	0.7914075749	0.05882352941	0.3607937462	0.3103448276
235	-0.3877564649	0.7914075749	0.05882352941	0.3617788462	0.3105507631
236	-0.3875498264	0.7916760914	0.05882352941	0.3586040915	0.3082010582
237	-0.3874229361	0.792124024	0.06199021207	0.3607937462	0.3102310231
238	-0.3872993052	0.7922136713	0.05882352941	0.3607937462	0.3150955834
239	-0.3871406445	0.792124024	0.06199021207	0.3616636528	0.314680711
240	-0.3870110277	0.792303339	0.06199021207	0.3641826923	0.3139841689
241	-0.3869480173	0.7922136713	0.06199021207	0.3631990379	0.3139841689
242	-0.3868161035	0.7923930269	0.05872756933	0.3633093525	0.3132848645
243	-0.386682786	0.792303339	0.05872756933	0.3610108303	0.3148880105
244	-0.3864815087	0.792303339	0.05882352941	0.3636363636	0.3144736842
245	-0.3863539405	0.7923930269	0.05882352941	0.3655006031	0.3162729659
246	-0.3862375168	0.792303339	0.05882352941	0.3647342995	0.3186885246
247	-0.3861218265	0.7924827352	0.05882352941	0.3657211829	0.3224115334
248	-0.3859861526	0.7926622127	0.05882352941	0.3674698795	0.3213114754
249	-0.3857587205	0.7928417714	0.05872756933	0.3674698795	0.3237221494
250	-0.3856159866	0.7929315813	0.05872756933	0.3694344164	0.3252459016
251	-0.3855094539	0.7929315813	0.05872756933	0.3694344164	0.3252459016
252	-0.3853600398	0.7932910245	0.05872756933	0.3701923077	0.326129666
253	-0.3852527491	0.7932441623	0.05872756933	0.36996997	0.3259162304
254	-0.3850794866	0.7935103245	0.06178861789	0.3698384201	0.3272251309
255	-0.384927867	0.7934203063	0.06178861789	0.368641532	0.3287491814
256	-0.3848547386	0.7936003631	0.06504065041	0.3715651135	0.3276539974
257	-0.3847382716	0.7937372362	0.06504065041	0.3718712753	0.3234714004
258	-0.3846219539	0.7938706016	0.06188925081	0.3744782349	0.3274394237
259	-0.3842969463	0.7941877625	0.06188925081	0.3738095238	0.326557377
260	-0.3841904081	0.794548552	0.06188925081	0.3738095238	0.3296272073
261	-0.3839894935	0.7948193592	0.06188925081	0.3772915435	0.328731098
262	-0.3838403903	0.7950437649	0.06504065041	0.3796570077	0.3331147541
263	-0.3837531705	0.7949533985	0.06504065041	0.3789224393	0.3328964613
264	-0.3836330555	0.7949533985	0.06504065041	0.3752969121	0.3331156107
265	-0.3835537887	0.7947727273	0.06504065041	0.3755199049	0.3346405229
266	-0.3833863217	0.7951341519	0.06504065041	0.3793716657	0.3294117647
267	-0.3832591818	0.7952245594	0.06504065041	0.3795359905	0.3344176968
268	-0.3831148767	0.7951341519	0.06504065041	0.3790849673	0.3311603651
269	-0.382989592	0.7951341519	0.06504065041	0.3781212842	0.3309446254
270	-0.3829215631	0.7952245594	0.06493506494	0.377672209	0.3313763862
271	-0.3828500124	0.7952245594	0.06493506494	0.377672209	0.3313763862
272	-0.3826736217	0.7954519613	0.0680713128	0.3797619048	0.3333333333
273	-0.3824987495	0.7958139006	0.0680713128	0.3788598575	0.3359375
274	-0.3823732136	0.7959044369	0.0680713128	0.3807829181	0.3348534202
275	-0.3822332673	0.7959949937	0.06493506494	0.3810089021	0.3368010403
276	-0.3821271539	0.7957674366	0.06493506494	0.3800475059	0.3378817414
277	-0.3820725899	0.7958579882	0.06493506494	0.3812351544	0.338961039
278	-0.3819962517	0.7960855712	0.06493506494	0.3824228029	0.338961039
279	-0.3818641284	0.7959044369	0.06493506494	0.3802733214	0.3378817414
280	-0.3817149405	0.7958579882	0.0680713128	0.382928275	0.3346354167
281	-0.3815905436	0.7956769056	0.07108239095	0.3810089021	0.333767927
282	-0.3814444047	0.7959485604	0.07419354839	0.3816884661	0.3391812865
283	-0.3813199589	0.7959485604	0.06796116505	0.3812351544	0.3365821962
284	-0.3811450997	0.7965831435	0.07419354839	0.384341637	0.3372243839
285	-0.3809826785	0.7964924268	0.07729468599	0.3847980998	0.3385214008
286	-0.3808868953	0.7964924268	0.07729468599	0.3855278766	0.338961039
287	-0.3807531013	0.7964924268	0.07419354839	0.3841138115	0.3376623377
288	-0.3806335341	0.7966738809	0.0834670947	0.3864848844	0.3391812865
289	-0.3805134505	0.7966738809	0.0834670947	0.3847980998	0.3385214008
290	-0.3803932868	0.7966738809	0.0834670947	0.3857566766	0.3374432187
291	-0.3802512747	0.7967646389	0.08653846154	0.3845697329	0.3387410772
292	-0.3801185859	0.7968554176	0.0834670947	0.3845697329	0.3408943616
293	-0.3800381547	0.7968554176	0.0834670947	0.3857566766	0.3421905379
294	-0.3799203178	0.7972187393	0.0834670947	0.3883955003	0.3434867142
295	-0.3797358072	0.7974914481	0.08038585209	0.3919716647	0.3450064851
296	-0.3795891719	0.7972187393	0.07729468599	0.3907637655	0.3443365696
297	-0.379445291	0.7974005245	0.0834670947	0.3902728351	0.3488372093
298	-0.3792334175	0.7980835044	0.08038585209	0.3945658594	0.3516483516
299	-0.3791041496	0.7979463776	0.08038585209	0.3928994083	0.3494519665
300	-0.3789631492	0.798173516	0.08333333333	0.3924125667	0.3545279383
301	-0.3788210885	0.7982646421	0.0864	0.3940652819	0.3553559974
302	-0.3786943018	0.7984929787	0.0864	0.3952522255	0.3566388711
303	-0.3785033862	0.7982646421	0.0864	0.3933452169	0.3574631646
304	-0.3783601708	0.7980824107	0.08653846154	0.3916913947	0.3581514763
305	-0.3782525745	0.7982646421	0.08653846154	0.393831554	0.3579217447
306	-0.3780781335	0.7984009138	0.0864	0.394549763	0.3602564103
307	-0.377932653	0.7986745887	0.08945686901	0.3957471943	0.3609505459
308	-0.3778400143	0.7987658553	0.0864	0.3959810875	0.3628205128
309	-0.3776713144	0.7987651498	0.0923566879	0.3990582696	0.361414791
310	-0.3775604274	0.7990851915	0.0923566879	0.3992932862	0.3622350674
311	-0.377427905	0.7989938257	0.09538950715	0.3997641509	0.3622350674
312	-0.3773059529	0.7994049662	0.09538950715	0.4002354326	0.3651505445
313	-0.3772324142	0.7990392314	0.09841269841	0.3997641509	0.3643361129
314	-0.3770615493	0.7992679858	0.0956937799	0.4016489988	0.3653846154
315	-0.376972375	0.799222057	0.09856915739	0.4042427814	0.3651505445
316	-0.3767883386	0.7992675669	0.1015873016	0.403539823	0.3680511182
317	-0.376679476	0.7994505495	0.1044303797	0.4061393152	0.3690932312
318	-0.3766135105	0.7996794872	0.1045958796	0.4066193853	0.3722115997
319	-0.3765073605	0.7998168708	0.1045958796	0.4063792085	0.370134014
320	-0.376407932	0.7995879593	0.1045958796	0.4049586777	0.3690932312
321	-0.3762913923	0.7996794872	0.1045958796	0.4054373522	0.3722115997
322	-0.3761723124	0.8000457823	0.1075949367	0.4075829384	0.3742838956
323	-0.3760278435	0.8002289639	0.1079365079	0.408259587	0.3737244898
324	-0.3759453569	0.8001373626	0.1079365079	0.4089834515	0.374522293
325	-0.3758275374	0.8000457823	0.1077654517	0.4080188679	0.3721227621
326	-0.3757118246	0.8004122295	0.1137440758	0.4099232132	0.3747609943
327	-0.3755782425	0.8003207698	0.1139240506	0.4084755739	0.3724489796
328	-0.3754713452	0.8004124656	0.1139240506	0.4096527369	0.3747609943
329	-0.3753875435	0.8004584527	0.1163522013	0.4101355333	0.3757961783
330	-0.375243796	0.8006416132	0.1165354331	0.4091981132	0.3747609943
331	-0.3751406319	0.8006416132	0.1165354331	0.408259587	0.374522293
332	-0.3750412369	0.8006416132	0.1137440758	0.4098939929	0.373486297
333	-0.3749911248	0.8009169054	0.1167192429	0.4098939929	0.3742838956
334	-0.3748857038	0.8008251203	0.1167192429	0.4096527369	0.373486297
335	-0.3747127595	0.8011005388	0.1167192429	0.4112808461	0.373486297
336	-0.3745865238	0.8011005388	0.1167192429	0.4105882353	0.3742838956
337	-0.3743993849	0.8013305804	0.1196850394	0.4124559342	0.375079466
338	-0.3742854614	0.8012386742	0.1226415094	0.4124559342	0.3730108211
339	-0.3741953788	0.8013761468	0.1226415094	0.4124559342	0.3719745223
340	-0.3741043498	0.8015599908	0.1224489796	0.4110393423	0.3732484076
341	-0.3740440571	0.8016064257	0.1224489796	0.4107981221	0.3753180662
342	-0.373916116	0.8016064257	0.1222570533	0.4101057579	0.3763509218
343	-0.3737267911	0.8015144562	0.1253918495	0.4103468548	0.3763509218
344	-0.3735957277	0.8017439192	0.1253918495	0.4098939929	0.3781725888
345	-0.3734720109	0.8018359151	0.13125	0.4122497055	0.3784126984
346	-0.373339499	0.8017439192	0.1251956182	0.4136310223	0.378103119
347	-0.3732523405	0.8018359151	0.127925117	0.4134275618	0.3786531131
348	-0.3731000483	0.801974515	0.1283255086	0.4152941176	0.3840304183
349	-0.3729729981	0.8016993914	0.13125	0.4154929577	0.3822222222
350	-0.3728677692	0.801975649	0.1341653666	0.4159811986	0.3837872071
351	-0.3727616189	0.801883542	0.1341653666	0.4143613891	0.3845667299
352	-0.3726637819	0.80202113	0.1339563863	0.4139150943	0.384323641
353	-0.372514943	0.8021132422	0.1339563863	0.4157832744	0.3833017078
354	-0.3723677818	0.80202113	0.134375	0.4150943396	0.3863636364
355	-0.3722615296	0.8021599265	0.1339563863	0.4158298878	0.3901825047
356	-0.3721658568	0.8023442887	0.1368584759	0.4167650531	0.3901825047
357	-0.3720705573	0.8022988506	0.1364341085	0.4170112227	0.3899371069
358	-0.3719259971	0.8027132674	0.1393188854	0.4186871674	0.3917137476
359	-0.3718044663	0.8027132674	0.142194745	0.4189349112	0.3917137476
360	-0.3716887316	0.8026209909	0.142194745	0.4163701068	0.3897243108
361	-0.3715645676	0.8028978841	0.1452859351	0.4168146832	0.3884711779
362	-0.3714051791	0.8029902243	0.1424148607	0.4165680473	0.3907326237
363	-0.3713016957	0.8031278749	0.142194745	0.4173088322	0.3917396746
364	-0.3712107123	0.8034974689	0.142194745	0.4186871674	0.3917396746
365	-0.3711121654	0.8032202415	0.142194745	0.4170616114	0.3904881101
366	-0.3709706526	0.8034050385	0.1419753086	0.4172576832	0.3887147335
367	-0.3708556688	0.8034974689	0.1419753086	0.4172068356	0.3884349466
368	-0.3706993672	0.8035447117	0.1446153846	0.4198113208	0.3917137476
369	-0.3706348999	0.8036372007	0.1474654378	0.4200589971	0.391468005
370	-0.3704914592	0.8039147956	0.1474654378	0.4193168433	0.3902132999
371	-0.3704080307	0.8039147956	0.1474654378	0.4195639364	0.3912225705
372	-0.37030064	0.8039147956	0.1474654378	0.418385386	0.392476489
373	-0.3700907825	0.8040524983	0.1474654378	0.4186320755	0.392476489
374	-0.369951194	0.8042376785	0.1474654378	0.4217365623	0.395
375	-0.3698211317	0.8042852206	0.1474654378	0.4216725559	0.3942428035
376	-0.3697433988	0.8042852206	0.1443932412	0.4221046443	0.3937304075
377	-0.3696460649	0.8045156088	0.1472392638	0.4202472042	0.3934837093
378	-0.3695140112	0.8045156088	0.1470137825	0.4204946996	0.3947368421
379	-0.3694290368	0.8043778802	0.1470137825	0.420990566	0.3952470294
380	-0.3692974909	0.8043778802	0.1470137825	0.4200589971	0.39625
381	-0.3691419745	0.8041925824	0.1470137825	0.4191263282	0.3964978111
382	-0.3689982702	0.8045632634	0.1470137825	0.4202472042	0.395494368
383	-0.3688923664	0.8044705611	0.1470137825	0.4204946996	0.3967459324
384	-0.3687732736	0.8046559871	0.1498470948	0.4209288654	0.3947368421
385	-0.3686816852	0.8046559871	0.1500765697	0.4216725559	0.39875
386	-0.3685312228	0.804610951	0.1529051988	0.4226015303	0.39875
387	-0.368434926	0.8047037122	0.1529051988	0.4214243673	0.3985009369
388	-0.3682178219	0.8050270956	0.1529051988	0.4242781379	0.4002493766
389	-0.3680506028	0.8049342864	0.1526717557	0.4237786933	0.39875
390	-0.3679598419	0.8050270956	0.1526717557	0.4247058824	0.39875
391	-0.3678433287	0.8050749712	0.1582952816	0.4247058824	0.3985009369
392	-0.367712628	0.8053985465	0.1613394216	0.4271503803	0.3967357188
393	-0.3676156815	0.8052607291	0.1608497724	0.4253075571	0.3964868256
394	-0.3674705826	0.8053536402	0.1608497724	0.4259801053	0.3967357188
395	-0.3673565475	0.8052157858	0.1608497724	0.426152948	0.3962264151
396	-0.3671831278	0.8053087132	0.1608497724	0.4271503803	0.4
397	-0.3670776105	0.8057254992	0.1554878049	0.4289044289	0.4005021971
398	-0.366992944	0.8056773598	0.1554878049	0.4273204904	0.4005021971
399	-0.3668644723	0.8057703405	0.1552511416	0.4275700935	0.4015056462
400	-0.3667408731	0.8057703405	0.1582952816	0.4278199883	0.402507837
401	-0.366629212	0.8058633426	0.1610942249	0.4275700935	0.4015056462
402	-0.3664380685	0.8058633426	0.1580547112	0.4289888954	0.4037617555
403	-0.3663381203	0.8061872331	0.1608497724	0.4304093567	0.4047619048
404	-0.3662035351	0.8061872331	0.1608497724	0.4306612054	0.4045084534
405	-0.3661094979	0.8061872331	0.1580547112	0.4313267095	0.4035087719
406	-0.3659980311	0.806373398	0.1608497724	0.4343257443	0.4037617555
407	-0.3658891211	0.8064665127	0.1608497724	0.4336645237	0.4055068836
408	-0.3657795186	0.8066528067	0.1608497724	0.4364060677	0.4045084534
409	-0.3656787877	0.8068391867	0.1608497724	0.4388824214	0.402507837
410	-0.3655811033	0.8067459859	0.1608497724	0.4388824214	0.4040150565
411	-0.3654684239	0.8067459859	0.1608497724	0.4395348837	0.4020100503
412	-0.3652871921	0.806932409	0.1608497724	0.4413472706	0.4045226131
413	-0.3651282835	0.8067459859	0.1608497724	0.4379732091	0.405015674
414	-0.3649825764	0.8067459859	0.1608497724	0.436660829	0.406504065
415	-0.3648430802	0.806932409	0.1608497724	0.4393939394	0.4080100125
416	-0.3647417334	0.8071189183	0.1608497724	0.43873979	0.4094881398
417	-0.3646504085	0.8073055138	0.1638846737	0.4399066511	0.4089775561
418	-0.3645606806	0.807536701	0.1638846737	0.4401634559	0.4087227414
419	-0.3643888046	0.8077234362	0.1638846737	0.4413309982	0.4094586185
420	-0.3642846626	0.8077234362	0.1638846737	0.4417249417	0.4089775561
421	-0.3642247163	0.8076789638	0.1638846737	0.4423748545	0.4089775561
422	-0.3641749265	0.808097166	0.1666666667	0.4441860465	0.4079850281
423	-0.3640320669	0.8083776903	0.16918429	0.4450900639	0.4092326887
424	-0.3638761616	0.8083776903	0.16918429	0.4450900639	0.4092326887
425	-0.3637395848	0.8084712418	0.1719457014	0.4448315912	0.4082397004
426	-0.3636447406	0.8082841606	0.1694402421	0.4448315912	0.4082397004
427	-0.3635357225	0.8081462624	0.1694402421	0.4432809773	0.4084682441
428	-0.3634241533	0.8082841606	0.1722054381	0.4444444444	0.4089775561
429	-0.3632914703	0.808845664	0.1746987952	0.4470314319	0.4126786824
430	-0.3631773703	0.8085648148	0.1746987952	0.4463869464	0.4129353234
431	-0.363082561	0.8084712418	0.1746987952	0.4443148688	0.4129353234
432	-0.3630107252	0.8087520259	0.1801801802	0.4437973209	0.4107031736
433	-0.3628896457	0.808845664	0.1829085457	0.4453488372	0.4102244389
434	-0.3627851494	0.8089393238	0.1829085457	0.4448315912	0.4092326887
435	-0.3626954881	0.8089393238	0.1856287425	0.4461269656	0.4107031736
436	-0.3625472576	0.8092204332	0.1853512706	0.4465116279	0.4097135741
437	-0.3624471835	0.8092699884	0.1853512706	0.4461181924	0.4079850281
438	-0.3623223509	0.8093637733	0.1853512706	0.4494773519	0.4141791045
439	-0.3621679638	0.8095514084	0.1853512706	0.4506387921	0.4149068323
440	-0.362034446	0.8099269396	0.1880597015	0.4538595473	0.4168734491
441	-0.3619087086	0.8099710145	0.1907600596	0.4529616725	0.4161490683
442	-0.3618062338	0.8099269396	0.1907600596	0.4518002323	0.4181141439
443	-0.3617125855	0.8097391304	0.1907600596	0.4511627907	0.4156327543
444	-0.361618377	0.8098330241	0.193452381	0.45	0.4156327543
445	-0.3614967001	0.8100208768	0.193452381	0.4509006392	0.4153750775
446	-0.3614303568	0.8098828442	0.1961367013	0.4506387921	0.4143920596
447	-0.3612937829	0.8102088167	0.1907600596	0.450377249	0.4163568773
448	-0.3612005525	0.8101148359	0.1907600596	0.4509006392	0.4160990712
449	-0.361027389	0.8099269396	0.193452381	0.4511627907	0.4166150031
450	-0.3609370454	0.8096950017	0.1880597015	0.4509006392	0.4163568773
451	-0.3608174872	0.8097889121	0.1907600596	0.4509006392	0.4163568773
452	-0.3607312246	0.8097889121	0.193452381	0.4502617801	0.4185758514
453	-0.3605251445	0.8101647714	0.1988130564	0.4523255814	0.4183168317
454	-0.3603677871	0.8102587908	0.1988130564	0.4529616725	0.4185758514
455	-0.3602883875	0.8102147417	0.1988130564	0.4526987812	0.4170792079
456	-0.3601900192	0.8103087996	0.2014814815	0.4524361949	0.4173374613
457	-0.3601172357	0.8103087996	0.1991084695	0.452173913	0.4183168317
458	-0.3600158573	0.8104028794	0.2044444444	0.4526987812	0.4192949907
459	-0.3599104966	0.8104028794	0.2044444444	0.4526987812	0.4192949907
460	-0.3598175375	0.8105911044	0.2071005917	0.4526987812	0.4202719407
461	-0.3597163802	0.8102206736	0.2123893805	0.452173913	0.4173374613
462	-0.3596240638	0.8101265823	0.2071005917	0.4519119351	0.4185758514
463	-0.3595231093	0.8100824718	0.2071005917	0.4519119351	0.4192949907
464	-0.3594301522	0.8104089219	0.2067946824	0.4539664157	0.4183168317
465	-0.3593436311	0.8101324657	0.201183432	0.4540727903	0.4185758514
466	-0.3592574379	0.8101324657	0.2038404727	0.4542294322	0.4200123533
467	-0.3591846368	0.810320781	0.2064896755	0.4553881808	0.4209876543
468	-0.3591174667	0.8102266124	0.2091310751	0.4556521739	0.4200123533
469	-0.3590295706	0.8105532311	0.2091310751	0.4542294322	0.4200123533
470	-0.3589133033	0.810320781	0.2091310751	0.4537037037	0.4205318491
471	-0.3587608278	0.8108359493	0.2120765832	0.4528083382	0.4207279457
472	-0.3586817459	0.8110245377	0.2173274596	0.4557547715	0.4187770229
473	-0.3585989356	0.8110245377	0.219941349	0.4542294322	0.4182603331
474	-0.3584540076	0.8110749186	0.2173274596	0.4569115095	0.4204685573
475	-0.3583282749	0.8112132139	0.2176470588	0.4557547715	0.4204685573
476	-0.3582290481	0.8111692845	0.2147058824	0.4528083382	0.4194341943
477	-0.3581263389	0.8113580822	0.2120765832	0.4540727903	0.4184615385
478	-0.3579841871	0.811452514	0.2173274596	0.4548611111	0.4228641672
479	-0.3578754088	0.8116414435	0.2173274596	0.4557547715	0.4238329238
480	-0.3577456116	0.8117359413	0.2222222222	0.4577056779	0.423572744
481	-0.3576856175	0.8118304611	0.2222222222	0.4582366589	0.4264705882
482	-0.3576298531	0.8120195667	0.2196193265	0.4579710145	0.4283965728
483	-0.3575041371	0.8121141526	0.2196193265	0.4580682475	0.4279583078
484	-0.3573759224	0.8118811881	0.2222222222	0.4569115095	0.4245398773
485	-0.3572816586	0.8119757689	0.2222222222	0.4574406485	0.4262094305
486	-0.3571104004	0.8120703717	0.2303206997	0.4577056779	0.42865891
487	-0.3570251664	0.8122087605	0.2277372263	0.4585987261	0.4264705882
488	-0.3569128823	0.8122087605	0.2251461988	0.4592249855	0.4255058246
489	-0.3568028928	0.8123980424	0.2303206997	0.4597568037	0.4262094305
490	-0.3566813306	0.8123980424	0.2225475842	0.4609148813	0.4290953545
491	-0.3566061531	0.8125874126	0.2225475842	0.4611819235	0.4307504576
492	-0.3565114059	0.8125874126	0.2225475842	0.4623406721	0.4307504576
493	-0.3563645193	0.8125874126	0.2254758419	0.4620729589	0.431013431
494	-0.3562183363	0.8127768711	0.2254758419	0.4647398844	0.4300549786
495	-0.3560885528	0.8126821308	0.2222222222	0.4620729589	0.4297924298
496	-0.3560055573	0.8126821308	0.2225475842	0.4634994206	0.4317073171
497	-0.3559296836	0.8129152582	0.2280701754	0.4634994206	0.4319707138
498	-0.3558144635	0.8129152582	0.2228739003	0.4664351852	0.4319707138
499	-0.3557491981	0.8129152582	0.2202643172	0.4667052693	0.4338817794
500	-0.3556614013	0.8128205128	0.2228739003	0.4639534884	0.432563791
501	-0.3555267556	0.8130100256	0.2228739003	0.4655471917	0.4326630104
502	-0.3553938644	0.8130100256	0.2228739003	0.4648460198	0.4347298118
503	-0.3553003694	0.8130100256	0.2254758419	0.4657375145	0.4352583587
504	-0.3552199096	0.8130100256	0.2254758419	0.4658169177	0.4326630104
505	-0.3551376274	0.8130100256	0.2258064516	0.4661654135	0.4319707138
506	-0.3550444035	0.8131048152	0.2254758419	0.4675925926	0.4317073171
507	-0.3549345375	0.8131048152	0.2258064516	0.4688221709	0.4312767257
508	-0.3548518222	0.8131996269	0.2284040996	0.4696356275	0.4329268293
509	-0.3547908001	0.8132944606	0.2284040996	0.4684788895	0.4326630104
510	-0.3546683665	0.8132944606	0.2280701754	0.4705202312	0.4331909701
511	-0.3545998783	0.8133893165	0.2280701754	0.4714038128	0.4344112264
512	-0.3545210918	0.8135790947	0.2280701754	0.4717416378	0.4334554335
513	-0.3543624686	0.8137689615	0.2284040996	0.4711316397	0.4357881923
514	-0.3542474266	0.813674017	0.2284040996	0.4705882353	0.4365853659
515	-0.3540526421	0.8140023337	0.2306569343	0.4697057126	0.4341463415
516	-0.3539850026	0.814148961	0.230994152	0.469775475	0.4351005484
517	-0.353867955	0.8141055582	0.230994152	0.4709268854	0.4370054778
518	-0.35370007	0.8144341936	0.230994152	0.4718066743	0.4370054778
519	-0.3536018507	0.8145293156	0.230994152	0.4718066743	0.4379562044
520	-0.353497014	0.8144859813	0.2335766423	0.4741081703	0.4376899696
521	-0.3533797052	0.8153342683	0.2361516035	0.4749856239	0.4395871281
522	-0.3532971133	0.8152910919	0.2335766423	0.4747706422	0.4376899696
523	-0.353221581	0.8155680224	0.2339181287	0.4765177549	0.4384896468
524	-0.3530605119	0.8155249006	0.2364963504	0.4762449914	0.4384896468
525	-0.3529304494	0.8155249006	0.2390670554	0.4765177549	0.43727162
526	-0.3528019014	0.8158110163	0.2364963504	0.4784853701	0.4402668284
527	-0.352711946	0.8160018716	0.2390670554	0.479632817	0.4436363636
528	-0.3525778284	0.8160973327	0.2390670554	0.4771167048	0.4434993925
529	-0.3524837564	0.8162358171	0.2390670554	0.4785346308	0.4422843256
530	-0.3523568735	0.8163313056	0.2467343977	0.4790830946	0.4434993925
531	-0.3523147144	0.8163313056	0.2416302766	0.4790830946	0.442961165
532	-0.3522470623	0.8162358171	0.2441860465	0.4778862723	0.4424242424
533	-0.3521099963	0.8162358171	0.2467343977	0.4778862723	0.4414796847
534	-0.3520539779	0.8163313056	0.2492753623	0.4787600459	0.442961165
535	-0.3518945837	0.8164268164	0.2467343977	0.4790830946	0.4420157863
536	-0.3518222379	0.8164268164	0.2467343977	0.4790830946	0.4432301154
537	-0.3517461917	0.8164268164	0.2467343977	0.4802292264	0.4420157863
538	-0.351579195	0.8166179052	0.2467343977	0.479954181	0.4405339806
539	-0.3514916802	0.8169047062	0.2568542569	0.4799081515	0.4409448819
540	-0.3514209851	0.8169047062	0.2543352601	0.4795859689	0.4422960725
541	-0.3513456394	0.8171388434	0.2568542569	0.4810126582	0.4435045317
542	-0.3512656004	0.8171388434	0.2568542569	0.4807360552	0.4425634825
543	-0.3511395117	0.8173302108	0.2593659942	0.4818024263	0.4473842453
544	-0.3510333982	0.8175216678	0.2593659942	0.4832756632	0.4464500602
545	-0.3509271918	0.8175216678	0.2543352601	0.4841498559	0.4485868912
546	-0.3508659781	0.8178090217	0.2593659942	0.4838337182	0.4487102579
547	-0.3507775603	0.8175216678	0.2593659942	0.4841132293	0.448048048
548	-0.3507151249	0.8173831557	0.2593659942	0.4847085978	0.4495192308
549	-0.3506428805	0.8173831557	0.2593659942	0.4826388889	0.4517675255
550	-0.3505405356	0.8173403632	0.2614942529	0.4817602779	0.4502994012
551	-0.3504286933	0.8176704945	0.2614942529	0.4820393975	0.45215311
552	-0.3503472194	0.8179048512	0.2614942529	0.4846732215	0.4529658478
553	-0.3502551883	0.8180007032	0.2614942529	0.4849537037	0.4524236984
554	-0.3501671381	0.8180007032	0.2614942529	0.4861431871	0.451109778
555	-0.3500311841	0.8180539273	0.2614942529	0.4855824683	0.4520383693
556	-0.3499549683	0.8181924745	0.2614942529	0.4855824683	0.4523095381
557	-0.3498563481	0.8181498417	0.2614942529	0.4861751152	0.451109778
558	-0.3497636261	0.8179580354	0.2639885222	0.4858626659	0.451109778
559	-0.3496110077	0.8179580354	0.2614942529	0.4850230415	0.4504504505
560	-0.3495445229	0.8180965776	0.2639885222	0.4858626659	0.4513805522
561	-0.3494132946	0.8180539273	0.2664756447	0.4878892734	0.4513805522
562	-0.3493381789	0.8181924745	0.2664756447	0.4887348354	0.4520383693
563	-0.3492429964	0.8183843358	0.2685714286	0.4884259259	0.4536205865
564	-0.3491580887	0.8183843358	0.2689556509	0.4893001735	0.4536205865
565	-0.3490905334	0.8183843358	0.2689556509	0.4884259259	0.4533492823
566	-0.3489634526	0.8185762871	0.2689556509	0.4893001735	0.455469217
567	-0.3488666084	0.8185762871	0.2693409742	0.489017341	0.455469217
568	-0.3487914582	0.8185762871	0.2718168813	0.4875794339	0.4536205865
569	-0.3486738863	0.8186722965	0.2718168813	0.4875794339	0.4533492823
570	-0.3486164437	0.8186722965	0.2718168813	0.4878612717	0.4542737597
571	-0.3485413322	0.8188218728	0.2742857143	0.4884526559	0.4551971326
572	-0.3484559146	0.8189604599	0.2742857143	0.4884526559	0.4542737597
573	-0.3483691225	0.8188643829	0.2767475036	0.4867052023	0.4542737597
574	-0.3482736405	0.8189179674	0.2792022792	0.4861431871	0.4542737597
575	-0.3482119798	0.8185871861	0.2792022792	0.4858626659	0.4536205865
576	-0.3480863324	0.8189179674	0.2792022792	0.4867358708	0.4536205865
577	-0.3479934599	0.8192063865	0.2788051209	0.4864553314	0.4533492823
578	-0.3479310038	0.8192063865	0.28125	0.4872979215	0.4551971326
579	-0.3477843476	0.8193025713	0.2808510638	0.4881708021	0.455469217
580	-0.3477055848	0.8192601292	0.2808510638	0.4887608069	0.455469217
581	-0.3476398	0.8191639267	0.2788051209	0.4881980426	0.4557416268
582	-0.3475073032	0.8193563542	0.2808510638	0.4887608069	0.4563918757
583	-0.3474009262	0.8193563542	0.2808510638	0.4878892734	0.456119403
584	-0.3473118461	0.8192601292	0.2808510638	0.4876080692	0.455469217
585	-0.3472047337	0.8192601292	0.2808510638	0.4887348354	0.4591532499
586	-0.3471110379	0.8194526019	0.2808510638	0.4896073903	0.4588796186
587	-0.3470078937	0.8195488722	0.283286119	0.4898902369	0.4586063133
588	-0.3469470515	0.8195488722	0.283286119	0.4898902369	0.4586063133
589	-0.3468747078	0.8196875367	0.283286119	0.4895833333	0.4592504462
590	-0.3467290303	0.8197838346	0.2808510638	0.4884526559	0.4586063133
591	-0.3466603778	0.8199764982	0.283286119	0.489017341	0.4601664685
592	-0.3466060802	0.8198801551	0.283286119	0.4898902369	0.4595238095
593	-0.3464580065	0.8197838346	0.2857142857	0.4893001735	0.4607142857
594	-0.3463706434	0.8197838346	0.2857142857	0.4895833333	0.4616299822
595	-0.3462686268	0.8203079093	0.2881355932	0.4895833333	0.4610814023
596	-0.3461886766	0.820072864	0.2881355932	0.4884259259	0.4610814023
597	-0.3460571867	0.8201692525	0.2881355932	0.489017341	0.4601664685
598	-0.3459779696	0.8199764982	0.28854314	0.4887348354	0.4595238095
599	-0.3458756548	0.8201692525	0.28854314	0.4887348354	0.4601664685
600	-0.3457999933	0.8199882422	0.2929577465	0.489017341	0.4598930481
601	-0.3457127042	0.820223398	0.2929577465	0.4904789383	0.4607142857
602	-0.3456577268	0.820223398	0.2929577465	0.4904789383	0.4607142857
603	-0.3455559793	0.8203198495	0.2953586498	0.4913294798	0.4598930481
604	-0.3455123308	0.8203198495	0.2925457103	0.4901734104	0.4598930481
605	-0.3454308097	0.8205550329	0.2949438202	0.4907407407	0.460807601
606	-0.3453523094	0.8206937096	0.2957746479	0.4898668211	0.4614472123
607	-0.3452638733	0.8205550329	0.2957746479	0.4907407407	0.4602609727
608	-0.3451562351	0.8204163237	0.2929577465	0.4895833333	0.4611736811
609	-0.3451087534	0.8204163237	0.2925457103	0.4892753623	0.4618117229
610	-0.3450440311	0.8207480593	0.2949438202	0.4895591647	0.4639053254
611	-0.3449275579	0.821079873	0.2953586498	0.4918981481	0.4632701422
612	-0.3448729342	0.8208446065	0.2949438202	0.4927703875	0.4638196916
613	-0.3448009492	0.8209411765	0.2949438202	0.4927703875	0.463544754
614	-0.3446926226	0.8209411765	0.2945301543	0.4927703875	0.4638196916
615	-0.3446089552	0.8210377691	0.2945301543	0.4947976879	0.4650059312
616	-0.3444847899	0.8210377691	0.2969187675	0.4947976879	0.4640949555
617	-0.3444135481	0.8208990351	0.2969187675	0.4945118429	0.4640949555
618	-0.3443061514	0.8213823148	0.3016759777	0.4962492787	0.4638196916
619	-0.3442598248	0.8213823148	0.3044692737	0.4974033468	0.4638196916
620	-0.3441061012	0.8216597999	0.3044692737	0.4965357968	0.4629080119
621	-0.3440501603	0.8215630885	0.3048951049	0.4965277778	0.4641799882
622	-0.3439791943	0.8214663999	0.3020979021	0.495657209	0.4641799882
623	-0.3438837861	0.8216597999	0.3025210084	0.4968152866	0.4645390071
624	-0.3437915987	0.8217145549	0.3020979021	0.4979780474	0.4639053254
625	-0.3437019234	0.8221986568	0.299719888	0.500575374	0.4641799882
626	-0.3435812269	0.8224761456	0.299719888	0.4994232987	0.4671791839
627	-0.3434938657	0.8227669102	0.3044692737	0.5	0.4662721893
628	-0.3434093898	0.8226699658	0.3044692737	0.499711483	0.4669030733
629	-0.3432678666	0.8225312279	0.3020979021	0.5014409222	0.4680851064
630	-0.3431883187	0.8225730443	0.3020979021	0.5005767013	0.4671791839
631	-0.3431368113	0.8225730443	0.3020979021	0.5014409222	0.4674556213
632	-0.3430865393	0.8228086711	0.3020979021	0.5028835063	0.4671791839
633	-0.3430388116	0.8228086711	0.3020979021	0.5025936599	0.4674556213
634	-0.3429950086	0.8228086711	0.3020979021	0.5025936599	0.4674556213
635	-0.3429348741	0.8228638774	0.3025210084	0.5020149683	0.4680851064
636	-0.3428628435	0.8228638774	0.3025210084	0.5017301038	0.4684365782
637	-0.3427205452	0.8230578805	0.3025210084	0.5025936599	0.4693396226
638	-0.3426314798	0.8230578805	0.3025210084	0.5014409222	0.4693396226
639	-0.3425633634	0.8230578805	0.3025210084	0.5025936599	0.4693396226
640	-0.3425433434	0.8230578805	0.3025210084	0.50287687	0.4689899587
641	-0.3424068083	0.8230578805	0.3048951049	0.5031663788	0.4689899587
642	-0.342277623	0.8229191228	0.3020979021	0.5037377803	0.4692671395
643	-0.3422034736	0.8230161538	0.3044692737	0.5040183697	0.4689165187
644	-0.3421330216	0.8231549163	0.3072625698	0.503159104	0.4689165187
645	-0.3420229083	0.823251975	0.3119777159	0.5034482759	0.4701006513
646	-0.3419597731	0.823251975	0.3119777159	0.5034482759	0.4701006513
647	-0.3419026906	0.8234461611	0.3119777159	0.50287687	0.4701712936
648	-0.3418184504	0.8235432885	0.3119777159	0.5022988506	0.4704491726
649	-0.3417329098	0.8234461611	0.3119777159	0.5014376078	0.4728132388
650	-0.3415919808	0.8237932255	0.3138888889	0.5022988506	0.4731563422
651	-0.3415301824	0.8240292694	0.3138888889	0.5040183697	0.4737152983
652	-0.3413950752	0.8240707965	0.3147632312	0.5048766495	0.4739952719
653	-0.3412962379	0.8240292694	0.3147632312	0.5040183697	0.4731563422
654	-0.3412407995	0.8240707965	0.3124128312	0.504307869	0.4731563422
655	-0.3411562126	0.824182312	0.3138888889	0.5048766495	0.4740566038
656	-0.341109323	0.8240850059	0.3138888889	0.5048766495	0.4743362832
657	-0.3410302285	0.8238904627	0.3138888889	0.504587156	0.4728132388
658	-0.3409401643	0.8240850059	0.314325452	0.5065902579	0.4722550177
659	-0.3408069651	0.8245158243	0.3162274619	0.5068807339	0.4731563422
660	-0.3406917577	0.8246132042	0.3138888889	0.5077363897	0.4740566038
661	-0.3406269922	0.8246691871	0.3162274619	0.5080091533	0.4731563422
662	-0.3405400543	0.8248080331	0.3162274619	0.5083189902	0.475573867
663	-0.3404268165	0.8248640983	0.3166666667	0.5091743119	0.4759106933
664	-0.3403161607	0.8252955083	0.319001387	0.5114678899	0.4768056371
665	-0.3402398396	0.8252955083	0.3213296399	0.5123209169	0.4761904762
666	-0.3401308186	0.8251566379	0.3213296399	0.5114678899	0.4768056371
667	-0.3400129924	0.8253930725	0.3236514523	0.5114416476	0.4758539458
668	-0.3399055705	0.8251566379	0.3236514523	0.511761331	0.4768056371
669	-0.3397608334	0.8255470136	0.3236514523	0.5137614679	0.4783118406
670	-0.3396737502	0.8255882701	0.3236514523	0.5123209169	0.4779800352
671	-0.339534472	0.8254906597	0.324099723	0.5131428571	0.4758539458
672	-0.3394634545	0.8255470136	0.3236514523	0.512	0.4776470588
673	-0.3394139485	0.8258247606	0.3213296399	0.5122927387	0.4776470588
674	-0.3393227162	0.8255882701	0.3236514523	0.5122927387	0.47675103
675	-0.3392024218	0.8258247606	0.3213296399	0.5122927387	0.4776470588
676	-0.3391058252	0.82578356	0.3236514523	0.512	0.4776470588
677	-0.3389897322	0.8262566529	0.3236514523	0.5125570776	0.4770318021
678	-0.3388990879	0.8263543885	0.3282758621	0.512	0.47675103
679	-0.3388200366	0.8264110756	0.3287292818	0.5136986301	0.4773662551
680	-0.338769511	0.8265088757	0.3282758621	0.5125570776	0.4773662551
681	-0.3386850828	0.8264110756	0.3305785124	0.5128498001	0.4764705882
682	-0.3386297644	0.8263132986	0.3305785124	0.5137299771	0.4782608696
683	-0.3385442085	0.8258965558	0.3305785124	0.5142857143	0.4779800352
684	-0.3384666939	0.8259943182	0.3351648352	0.5137299771	0.4776995305
685	-0.3383788116	0.8263288742	0.3351648352	0.5145797599	0.4765258216
686	-0.3383025026	0.8263288742	0.3328748281	0.5142857143	0.4765258216
687	-0.3382171876	0.826606699	0.3328748281	0.5145797599	0.4768056371
688	-0.3381461198	0.8269412879	0.3328748281	0.5174186179	0.4770857814
689	-0.3380331432	0.8270391855	0.3351648352	0.5165714286	0.4779800352
690	-0.3379604001	0.8268434134	0.3351648352	0.5151688609	0.4788732394
691	-0.3378988691	0.8270801278	0.3351648352	0.5166093929	0.4785923754
692	-0.3378054236	0.827275956	0.3351648352	0.5171624714	0.4797653959
693	-0.3377428074	0.8273739048	0.3351648352	0.5177548683	0.481264637
694	-0.3376417571	0.8274718769	0.3351648352	0.5177548683	0.482153306
695	-0.3374591305	0.8274718769	0.3351648352	0.5171624714	0.4803749268
696	-0.3373937834	0.8273739048	0.3351648352	0.5174585003	0.4803749268
697	-0.3372897106	0.8271941253	0.3351648352	0.5176738883	0.4803288315
698	-0.3371944502	0.8271941253	0.341997264	0.5185608224	0.4803288315
699	-0.3370617784	0.8275290216	0.3374485597	0.5196581197	0.4806110458
700	-0.3369915223	0.8275290216	0.3369863014	0.519110097	0.4803288315
701	-0.3368814485	0.8274881517	0.3392612859	0.5202048947	0.4811764706
702	-0.3368073074	0.8275862069	0.3415300546	0.5202048947	0.4811764706
703	-0.3367646322	0.8277251185	0.343792633	0.5196581197	0.4811764706
704	-0.3366974089	0.8277251185	0.3415300546	0.51995439	0.4829612221
705	-0.3366247966	0.8279620853	0.3415300546	0.5193621868	0.4823529412
706	-0.3365619619	0.8279213084	0.343792633	0.5207977208	0.4829612221
707	-0.3364878496	0.827545336	0.341997264	0.5193621868	0.4835680751
708	-0.3363703202	0.8280768319	0.3442622951	0.5216400911	0.4853458382
709	-0.3362677123	0.8277415531	0.3442622951	0.51995439	0.4862331576
710	-0.3361739411	0.8279378632	0.341997264	0.5219373219	0.4856641311
711	-0.3361014731	0.8281342664	0.341997264	0.5227790433	0.4877192982
712	-0.3360184742	0.8282900202	0.341997264	0.525	0.4877192982
713	-0.335951519	0.8283883219	0.3442622951	0.525298465	0.488603156
714	-0.3358740068	0.8282900202	0.341997264	0.525	0.4877192982
715	-0.3357884176	0.8283307628	0.341997264	0.525	0.4871194379
716	-0.3357284357	0.828232503	0.341997264	0.5241614554	0.4859484778
717	-0.3356611049	0.8281917418	0.341997264	0.5258375923	0.4871194379
718	-0.3354954837	0.8283307628	0.3424657534	0.525298465	0.4865497076
719	-0.3354332507	0.828232503	0.3424657534	0.5244596132	0.4865497076
720	-0.3353237189	0.8286256824	0.3519781719	0.5281730222	0.488317757
721	-0.335233424	0.828683367	0.3542234332	0.5278725825	0.4892002335
722	-0.3351594328	0.8286256824	0.3542234332	0.5273348519	0.488317757
723	-0.3350520852	0.8287646849	0.3514986376	0.5281730222	0.4877192982
724	-0.3349702254	0.8287646849	0.3514986376	0.5290102389	0.4880046811
725	-0.3348942921	0.8286256824	0.3514986376	0.5290102389	0.4877192982
726	-0.3347700847	0.8285680389	0.3537414966	0.527936146	0.4865497076
727	-0.3346877537	0.8290598291	0.3537414966	0.5287749288	0.4900816803
728	-0.3345985102	0.8290598291	0.3537414966	0.5284738041	0.4892002335
729	-0.334522527	0.8287646849	0.3537414966	0.5299145299	0.488603156
730	-0.3344122516	0.8287646849	0.3514986376	0.5284738041	0.4897720631
731	-0.3342988556	0.828863043	0.3537414966	0.5290763968	0.4903677758
732	-0.3342473673	0.8290598291	0.3537414966	0.5296127563	0.4915353182
733	-0.3341257309	0.8289614243	0.3537414966	0.5301478953	0.4900584795
734	-0.3340794032	0.828863043	0.3559782609	0.5293113261	0.4903452311
735	-0.3340135883	0.8287646849	0.3537414966	0.5293113261	0.4891749561
736	-0.3339166524	0.828863043	0.3559782609	0.5293113261	0.4903452311
737	-0.3338283678	0.828863043	0.3559782609	0.5293113261	0.4891749561
738	-0.333790924	0.8290598291	0.3582089552	0.5301478953	0.4891749561
739	-0.3337207247	0.8291582572	0.3582089552	0.5309835134	0.4891749561
740	-0.3336223826	0.8291582572	0.3559782609	0.531516184	0.4894613583
741	-0.3335545026	0.8291582572	0.3559782609	0.531516184	0.4894613583
742	-0.3334650204	0.8290598291	0.3582089552	0.5309835134	0.4894613583
743	-0.3334031652	0.8290192353	0.3582089552	0.531516184	0.4906323185
744	-0.333325177	0.8290192353	0.3582089552	0.5323496027	0.4909197422
745	-0.3332499151	0.829216152	0.3559782609	0.5320476461	0.4915155061
746	-0.3332110862	0.8293146454	0.3559782609	0.5328798186	0.4915155061
747	-0.3331330332	0.8293146454	0.3582089552	0.531516184	0.4932787843
748	-0.3330492192	0.8294131623	0.3559782609	0.5320476461	0.4932787843
749	-0.3329166638	0.8296102662	0.356462585	0.5323496027	0.4967930029
750	-0.3328334168	0.8296102662	0.3559782609	0.5320476461	0.4950379451
751	-0.3327413648	0.8296102662	0.3559782609	0.5323496027	0.495915986
752	-0.3326857994	0.8296102662	0.3582089552	0.5320476461	0.4953271028
753	-0.332601056	0.8295117025	0.3586956522	0.5335608646	0.4973791497
754	-0.3324410215	0.8297088532	0.3586956522	0.5352272727	0.4973791497
755	-0.3323675238	0.8296102662	0.3586956522	0.5352272727	0.4965034965
756	-0.3323091226	0.8298074638	0.3609226594	0.5352272727	0.4973791497
757	-0.3321899781	0.8297088532	0.3631436314	0.535531552	0.4965034965
758	-0.3320955309	0.8297088532	0.3631436314	0.5366685617	0.4965034965
759	-0.3320056147	0.8298479087	0.3631436314	0.5369738339	0.4965034965
760	-0.33189351	0.8298479087	0.3631436314	0.5369738339	0.4965034965
761	-0.3317973717	0.8298479087	0.3631436314	0.5372794536	0.4973791497
762	-0.3317437591	0.8298479087	0.3631436314	0.5372794536	0.4973791497
763	-0.3316752727	0.8299465241	0.3631436314	0.538942581	0.4976689977
764	-0.3315838895	0.8298479087	0.3631436314	0.5381114903	0.4976689977
765	-0.3314963923	0.8300047551	0.3631436314	0.5369738339	0.4976744186
766	-0.3313745439	0.8299060977	0.3631436314	0.5375	0.4973791497
767	-0.3312938917	0.830103436	0.3653585927	0.5386363636	0.4982537835
768	-0.3311931433	0.8302021403	0.3675675676	0.5409090909	0.4982537835
769	-0.3310548397	0.8306960143	0.3697705803	0.5411230856	0.4991273997
770	-0.3310004581	0.8307948596	0.3697705803	0.541430193	0.5008715863
771	-0.3309340876	0.8304983942	0.3697705803	0.5395560615	0.5002901915
772	-0.3308261349	0.8304580607	0.3675675676	0.5394662124	0.5005807201
773	-0.3307468203	0.8303592672	0.3653585927	0.5391600454	0.5008715863
774	-0.3306766857	0.8303188958	0.3653585927	0.5391600454	0.5002901915
775	-0.3306153895	0.8306154029	0.3675675676	0.5406019307	0.5017381228
776	-0.3305002029	0.8306154029	0.3675675676	0.5385487528	0.4991294254
777	-0.3304239806	0.8307545822	0.3697705803	0.540509915	0.4988372093
778	-0.3303468722	0.8306557182	0.3692722372	0.5391600454	0.4985473562
779	-0.3302741913	0.8307545822	0.373655914	0.5402951192	0.5
780	-0.3302056847	0.8306154029	0.373655914	0.5385487528	0.4991273997
781	-0.3301281938	0.8305165437	0.371967655	0.5396825397	0.5
782	-0.3300729832	0.8310110754	0.3741588156	0.5421618563	0.5008715863
783	-0.3300219237	0.8309121219	0.373655914	0.5402951192	0.5
784	-0.3299660203	0.8308534698	0.373655914	0.5409090909	0.5014509576
785	-0.3298958059	0.830952381	0.3741588156	0.541430193	0.5014509576
786	-0.3298061656	0.8311100524	0.3741588156	0.5416430595	0.5011600928
787	-0.329739356	0.8313482611	0.3741588156	0.5419501134	0.5020289855
788	-0.3296716733	0.831209053	0.3741588156	0.5416430595	0.5031884058
789	-0.3296165258	0.8314472901	0.3741588156	0.5421618563	0.5037724898
790	-0.3295483073	0.831407125	0.371967655	0.5426794799	0.5046403712
791	-0.329457081	0.8315061964	0.3697705803	0.5431959345	0.5046403712
792	-0.3293787864	0.8313080772	0.371967655	0.5426794799	0.5037724898
793	-0.3293302571	0.8311100524	0.3697705803	0.5418552036	0.5037724898
794	-0.329267051	0.831487436	0.371967655	0.5432937182	0.5040650407
795	-0.3291731874	0.8316265778	0.3697705803	0.5441176471	0.5043579314
796	-0.3290503107	0.8317256163	0.371967655	0.5444255801	0.5052264808
797	-0.329005562	0.8317256163	0.371967655	0.5447338618	0.5060940221
798	-0.3289215408	0.8319237641	0.3714670256	0.5450424929	0.5066666667
799	-0.3288509104	0.8319828408	0.373655914	0.5452488688	0.5069605568
800	-0.3287657767	0.8317846081	0.3758389262	0.5445263755	0.506373117
801	-0.3286841148	0.8317846081	0.373655914	0.5442176871	0.506373117
802	-0.328561801	0.8319828408	0.371967655	0.5433919455	0.5060658579
803	-0.3284940301	0.8323203432	0.371967655	0.5458663647	0.5078079815
804	-0.3284336492	0.8324195471	0.3758389262	0.5461756374	0.5081018519
805	-0.3283747019	0.832221163	0.376344086	0.5450424929	0.5072379849
806	-0.3282931239	0.8323203432	0.3780160858	0.5442176871	0.5060799074
807	-0.3281877931	0.8324195471	0.3828647925	0.5450424929	0.5075318656
808	-0.3280854793	0.832141154	0.3828647925	0.5461756374	0.5092592593
809	-0.3280393055	0.832438879	0.3823529412	0.5466893039	0.5104166667
810	-0.3279600411	0.8325381679	0.3823529412	0.5463800905	0.5092592593
811	-0.3278706482	0.8328361771	0.3823529412	0.5477131564	0.5081018519
812	-0.3277958182	0.8326374806	0.3801874163	0.5468926554	0.5081018519
813	-0.3277278473	0.8328361771	0.3823529412	0.5485327314	0.5083960625
814	-0.3276487042	0.8326374806	0.3823529412	0.5486425339	0.5089647195
815	-0.3276036252	0.832736817	0.3823529412	0.5488424619	0.5083960625
816	-0.3275212603	0.832736817	0.3823529412	0.5483323912	0.5089647195
817	-0.3274622056	0.8326774001	0.3823529412	0.5489530277	0.5092592593
818	-0.32737769	0.8325381679	0.3845126836	0.5497737557	0.5083960625
819	-0.327291406	0.8325381679	0.3845126836	0.5512167516	0.5081018519
820	-0.3272025662	0.8326374806	0.3823529412	0.5505935557	0.5081018519
821	-0.3271707354	0.8326374806	0.3823529412	0.5497737557	0.5078079815
822	-0.3271078776	0.8325381679	0.3801874163	0.5494629734	0.5081018519
823	-0.327048632	0.832736817	0.3801874163	0.5507900677	0.5083960625
824	-0.3269367532	0.8328361771	0.3780160858	0.5514124294	0.5106874639
825	-0.3268334583	0.8328361771	0.3823529412	0.5530474041	0.5095541401
826	-0.3267365407	0.8329355609	0.3845126836	0.5538635082	0.5086906141
827	-0.3266582059	0.8331343996	0.3845126836	0.5538635082	0.5104166667
828	-0.3266183112	0.8331343996	0.3823529412	0.5551801802	0.5110081112
829	-0.3265615031	0.8330349684	0.3801874163	0.5548677546	0.5101449275
830	-0.3264850631	0.8329355609	0.3801874163	0.5548677546	0.5092807425
831	-0.3264084812	0.8331343996	0.3823529412	0.5566197183	0.5107122177
832	-0.3263292368	0.8333333333	0.3845126836	0.5549915398	0.5121387283
833	-0.3262081789	0.8332338546	0.3823529412	0.5558060879	0.5124349335
834	-0.3261153781	0.8334328358	0.3823529412	0.5549915398	0.5138568129
835	-0.3260384836	0.8333333333	0.3828647925	0.5558060879	0.5141536684
836	-0.3259496369	0.8334328358	0.3828647925	0.5585585586	0.5144508671
837	-0.3258460055	0.8332338546	0.3828647925	0.5566197183	0.5135916715
838	-0.3257685315	0.8335323621	0.3828647925	0.5574324324	0.5141536684
839	-0.3256982137	0.8337913729	0.3871829105	0.5576166386	0.5141536684
840	-0.3256637296	0.8338910134	0.3877005348	0.5569904548	0.5141536684
841	-0.3256166092	0.8337913729	0.3877005348	0.5564924115	0.5138568129
842	-0.3255522985	0.8338910134	0.3877005348	0.5573033708	0.5138568129
843	-0.3254580619	0.8339906777	0.3898531375	0.5576166386	0.5147143681
844	-0.3253995484	0.8339906777	0.392	0.5569904548	0.5132947977
845	-0.3252878737	0.8341900777	0.392	0.5545556805	0.5141210375
846	-0.3251931274	0.8342898135	0.3941411451	0.5573033708	0.5147143681
847	-0.3250967737	0.8345289335	0.392	0.5584269663	0.5155709343
848	-0.3250222847	0.8347285338	0.3941411451	0.5603593487	0.5155709343
849	-0.3249242029	0.8343895731	0.392	0.5611672278	0.5158684362
850	-0.3248473217	0.8341900777	0.3962765957	0.5590551181	0.5158684362
851	-0.3248111831	0.8344893566	0.3962765957	0.5592363841	0.5158684362
852	-0.3247698137	0.8342898135	0.3962765957	0.5595505618	0.5150115473
853	-0.3246829806	0.8340903658	0.3941411451	0.5584269663	0.5141536684
854	-0.3246393824	0.8343895731	0.3962765957	0.5589225589	0.5141536684
855	-0.3245137276	0.8347888503	0.3984063745	0.5605381166	0.5150115473
856	-0.3244551665	0.8348887294	0.395750332	0.5616591928	0.5158684362
857	-0.324395487	0.834589164	0.3962765957	0.5603593487	0.5167243368
858	-0.3242905707	0.8349886323	0.400530504	0.5611672278	0.5187319885
859	-0.3241873531	0.8351885099	0.400530504	0.5611672278	0.5192861255
860	-0.3241031113	0.8348887294	0.4026490066	0.5603593487	0.5167243368
861	-0.3240292284	0.8349282297	0.400530504	0.5600448934	0.5161662818
862	-0.3239474053	0.8353279081	0.4026490066	0.5630959058	0.5178777393
863	-0.3238799216	0.8352279526	0.4021164021	0.5627802691	0.5176198729
864	-0.3237698723	0.8355278908	0.4052980132	0.565193061	0.5173210162
865	-0.3236881451	0.8355672571	0.4074074074	0.5634118967	0.5178777393
866	-0.3235695811	0.8353279081	0.4052980132	0.5616591928	0.5170225043
867	-0.3234848437	0.8356279181	0.4079470199	0.5618354785	0.5181765724
868	-0.3234293401	0.8358280445	0.4095112285	0.5635854342	0.5198847262
869	-0.3233731489	0.8356279181	0.4074074074	0.562150056	0.5181765724
870	-0.3233225614	0.8356279181	0.4095112285	0.562464986	0.5181765724
871	-0.3232614934	0.8359281437	0.4074074074	0.5634432644	0.5181765724
872	-0.3231636561	0.8357887172	0.4116094987	0.5629546726	0.5178777393
873	-0.3231113575	0.8358888356	0.4137022398	0.5640738668	0.5178777393
874	-0.3230298366	0.8357887172	0.4137022398	0.5643896976	0.5178777393
875	-0.3229441564	0.8362285851	0.4121532365	0.5640738668	0.5192861255
876	-0.3228410573	0.8361676647	0.4100529101	0.565193061	0.5198847262
877	-0.3227529208	0.8362678165	0.4121532365	0.562464986	0.518134715
30160487
872	-0.3233220491	0.836293343	0.4026666667	0.5793871866	0.5288248337
873	-0.3232531387	0.836192317	0.4	0.5793871866	0.5291181364
874	-0.3231909303	0.8364954683	0.4	0.5785953177	0.5312672939
875	-0.3231284752	0.8361527308	0.4	0.5771587744	0.528531856
876	-0.3230186548	0.8365965676	0.4021304927	0.5778025655	0.5287610619
877	-0.3228989203	0.8366976913	0.4042553191	0.5790944662	0.5309050773
26	0.420499343	0.5656338028	0.5283648498
877	-0.3228683831	0.8385617761	0.4220183486	0.5664414414	0.5302946081
	-0.3219646925	0.8376787216	0.4188481675	0.5841432225	0.4968474149
876	-0.3218876126	0.8375390531	0.4188481675	0.582395087	0.4962216625
877	-0.3218266835	0.8378800625	0.4188481675	0.5828220859	0.4965343415
.322616149	0.8376772942	0.4127829561	0.565391205	0.547682472
873	-0.3225335556	0.8375363725	0.4127829561	0.5645714286	0.548163917
874	-0.3223853771	0.8378804414	0.414893617	0.5652173913	0.5497076023
875	-0.3222687687	0.8379427462	0.4127829561	0.5650684932	0.5507708666
876	-0.32215567	0.8384120432	0.4185430464	0.5676756139	0.5517241379
877	-0.3220950387	0.8384120432	0.4206349206	0.5676756139	0.5520169851
